-- phpMyAdmin SQL Dump
-- version 4.9.1
-- https://www.phpmyadmin.net/
--
-- Host: 127.0.0.1
-- Generation Time: Mar 15, 2020 at 04:42 PM
-- Server version: 10.4.8-MariaDB
-- PHP Version: 7.3.11

SET SQL_MODE = "NO_AUTO_VALUE_ON_ZERO";
SET AUTOCOMMIT = 0;
START TRANSACTION;
SET time_zone = "+00:00";


/*!40101 SET @OLD_CHARACTER_SET_CLIENT=@@CHARACTER_SET_CLIENT */;
/*!40101 SET @OLD_CHARACTER_SET_RESULTS=@@CHARACTER_SET_RESULTS */;
/*!40101 SET @OLD_COLLATION_CONNECTION=@@COLLATION_CONNECTION */;
/*!40101 SET NAMES utf8mb4 */;

--
-- Database: `musicdb`
--

-- --------------------------------------------------------

--
-- Table structure for table `albums`
--

CREATE TABLE `albums` (
  `id` int(11) NOT NULL,
  `band_id` int(11) NOT NULL,
  `title` varchar(255) NOT NULL,
  `year` year(4) NOT NULL,
  `image` varchar(255) NOT NULL,
  `album_slug` varchar(255) NOT NULL
) ENGINE=InnoDB DEFAULT CHARSET=utf8;

--
-- Dumping data for table `albums`
--

INSERT INTO `albums` (`id`, `band_id`, `title`, `year`, `image`, `album_slug`) VALUES
(1, 1, 'Iron Maiden', 1980, 'https://www.metal-archives.com/images/4/1/3/0/413051.jpg', 'iron-maiden'),
(2, 1, 'Killers', 1981, 'https://www.metal-archives.com/images/7/4/74.jpg', 'killers'),
(3, 1, 'The Number of the Beast', 1982, 'https://www.metal-archives.com/images/7/5/75.jpg', 'the-number-of-the-beast'),
(4, 1, 'Piece of Mind', 1983, 'https://www.metal-archives.com/images/7/6/76.jpg', 'piece-of-mind'),
(5, 1, 'Powerslave', 1984, 'https://www.metal-archives.com/images/7/7/77.jpg', 'powerslave'),
(6, 1, 'Somewhere in Time', 1986, 'https://www.metal-archives.com/images/7/9/79.jpg', 'somewhere-in-time'),
(7, 1, 'Seventh Son of a Seventh Son', 1988, 'https://www.metal-archives.com/images/8/0/80.jpg', 'seventh-son-of-a-seventh-son'),
(8, 1, 'No Prayer for the Dying', 1990, 'https://www.metal-archives.com/images/8/1/81.jpg', 'no-prayer-for-the-dying'),
(9, 1, 'Fear of the Dark', 1992, 'https://www.metal-archives.com/images/3/7/9/379.jpg', 'fear-of-the-dark'),
(10, 1, 'The X Factor', 1995, 'https://www.metal-archives.com/images/3/8/6/386.jpg', 'the-x-factor'),
(11, 1, 'Virtual XI', 1998, 'https://www.metal-archives.com/images/3/9/5/395.jpg', 'virtual-xi'),
(12, 1, 'Brave New World', 2000, 'https://www.metal-archives.com/images/1/8/2/182.jpg', 'brave-new-world'),
(13, 1, 'Dance of Death', 2003, 'https://www.metal-archives.com/images/2/1/6/3/21633.jpg', 'dance-of-death'),
(14, 1, 'A Matter of Life and Death', 2006, 'https://www.metal-archives.com/images/1/2/2/5/122532.jpg', 'a-matter-of-life-and-death'),
(15, 1, 'The Final Frontier', 2010, 'https://www.metal-archives.com/images/2/7/6/1/276114.jpg', 'the-final-frontier'),
(16, 1, 'The Book of Souls', 2015, 'https://www.metal-archives.com/images/5/1/7/6/517686.jpg', 'the-book-of-souls'),
(17, 2, 'Kill \'Em All', 1983, 'https://www.metal-archives.com/images/5/3/8/538.jpg', 'kill-em-all'),
(18, 2, 'Ride the Lightning', 1984, 'https://www.metal-archives.com/images/5/4/4/544.jpg', 'ride-the-lightning'),
(19, 2, 'Master of Puppets', 1986, 'https://www.metal-archives.com/images/5/4/7/547.jpg', 'master-of-puppets'),
(20, 2, '...and Justice for All', 1988, 'https://www.metal-archives.com/images/5/5/9/559.jpg', 'and-justice-for-all'),
(21, 2, 'Metallica', 1991, 'https://www.metal-archives.com/images/8/4/0/840.jpg', 'metallica'),
(22, 2, 'Load', 1996, 'https://www.metal-archives.com/images/2/6/3/8/2638.jpg', 'load'),
(23, 2, 'Reload', 1997, 'https://www.metal-archives.com/images/4/9/0/9/490953.jpg', 'reload'),
(24, 2, 'Garage Inc.', 1998, 'https://www.metal-archives.com/images/2/7/9/1/2791.jpg', 'garage-inc'),
(25, 2, 'St. Anger', 2003, 'https://www.metal-archives.com/images/1/9/3/3/19333.jpg', 'st-anger'),
(26, 2, 'Death Magnetic', 2008, 'https://www.metal-archives.com/images/2/0/4/9/204927.jpg', 'death-magnetic'),
(27, 2, 'Hardwired... to Self-Destruct', 2016, 'https://www.metal-archives.com/images/5/9/9/3/599351.jpg', 'hardwired-to-self-destruct'),
(28, 3, 'Black Sabbath', 1970, 'https://www.metal-archives.com/images/4/8/2/482.jpg', 'black-sabbath'),
(29, 3, 'Paranoid', 1970, 'https://www.metal-archives.com/images/4/8/5/485.jpg', 'paranoid'),
(30, 3, 'Master of Reality', 1971, 'https://www.metal-archives.com/images/4/8/7/487.jpg', 'master-of-reality'),
(31, 3, 'Black Sabbath Vol 4', 1972, 'https://www.metal-archives.com/images/4/9/2/492.jpg', 'black-sabbath-vol-4'),
(32, 3, 'Sabbath Bloody Sabbath', 1973, 'https://www.metal-archives.com/images/5/6/8/6/568673.jpg', 'sabbath-bloody-sabbath'),
(33, 3, 'Sabotage', 1975, 'https://www.metal-archives.com/images/4/9/8/498.jpg', 'sabotage'),
(34, 3, 'Technical Ecstasy', 1976, 'https://www.metal-archives.com/images/5/0/1/501.jpg', 'technical-ecstasy'),
(35, 3, 'Never Say Die!', 1978, 'https://www.metal-archives.com/images/5/0/3/503.jpg', 'never-say-die'),
(36, 3, 'Heaven and Hell', 1980, 'https://www.metal-archives.com/images/5/0/4/504.jpg', 'heaven-and-hell'),
(37, 3, 'Mob Rules', 1981, 'https://www.metal-archives.com/images/5/0/6/506.jpg', 'mob-rules'),
(38, 3, 'Born Again', 1983, 'https://www.metal-archives.com/images/5/1/7/517.jpg', 'born-again'),
(39, 3, 'Seventh Star', 1986, 'https://www.metal-archives.com/images/5/2/0/520.jpg', 'seventh-star'),
(40, 3, 'The Eternal Idol', 1987, 'https://www.metal-archives.com/images/5/2/1/521.jpg', 'the-eternal-idol'),
(41, 3, 'Headless Cross', 1989, 'https://www.metal-archives.com/images/5/2/4/524.jpg', 'headless-cross'),
(42, 3, 'Tyr', 1990, 'https://www.metal-archives.com/images/5/2/7/527.jpg', 'tyr'),
(43, 3, 'Dehumanizer', 1992, 'https://www.metal-archives.com/images/5/2/9/529.jpg', 'dehumanizer'),
(44, 3, 'Cross Purposes', 1994, 'https://www.metal-archives.com/images/5/3/1/531.jpg', 'cross-purposes'),
(45, 3, 'Forbidden', 1995, 'https://www.metal-archives.com/images/5/3/3/533.jpg', 'forbidden'),
(46, 3, '13', 2013, 'https://www.metal-archives.com/images/3/7/3/5/373514.jpg', '13'),
(47, 4, 'Angels Fall First', 1997, 'https://www.metal-archives.com/images/1/3/3/133.jpg', 'angels-fall-first'),
(48, 4, 'Oceanborn', 1998, 'https://www.metal-archives.com/images/1/3/4/134.jpg', 'oceanborn'),
(49, 4, 'Wishmaster', 2000, 'https://www.metal-archives.com/images/1/3/5/135.jpg', 'wishmaster'),
(50, 4, 'Century Child', 2002, 'https://www.metal-archives.com/images/3/7/1/9/3719.jpg', 'century-child'),
(51, 4, 'Once', 2004, 'https://www.metal-archives.com/images/3/9/2/1/39218.jpg', 'once'),
(52, 4, 'Dark Passion Play', 2007, 'https://www.metal-archives.com/images/1/5/7/5/157525.jpg', 'dark-passion-play'),
(53, 4, 'Imaginaerum', 2011, 'https://www.metal-archives.com/images/3/1/6/2/316252.jpg', 'imaginaerum'),
(54, 4, 'Imaginaerum (Orchestral Version)', 2012, 'https://www.metal-archives.com/images/8/1/5/0/815020.jpg', 'imaginaerum-orchestral-version'),
(55, 4, 'Imaginaerum - The Score', 2012, 'https://www.metal-archives.com/images/3/5/0/2/350202.jpg', 'imaginaerum-the-score'),
(56, 4, 'Endless Forms Most Beautiful', 2015, 'https://www.metal-archives.com/images/4/8/4/4/484405.jpg', 'endless-forms-most-beautiful'),
(57, 4, 'Human. :||: Nature.', 2020, 'https://www.metal-archives.com/images/8/2/0/7/820792.jpg', 'human-nature'),
(58, 5, 'Killing Is My Business... and Business Is Good!', 1985, 'https://www.metal-archives.com/images/6/5/9/659.jpg', 'killing-is-my-business-and-business-is-good'),
(59, 5, 'Peace Sells... but Who\'s Buying?', 1986, 'https://www.metal-archives.com/images/6/6/2/662.jpg', 'peace-sells-but-whos-buying'),
(60, 5, 'So Far, So Good... So What!', 1988, 'https://www.metal-archives.com/images/6/6/4/664.jpg', 'so-far-so-good-so-what'),
(61, 5, 'Rust in Peace', 1990, 'https://www.metal-archives.com/images/5/9/3/593.jpg', 'rust-in-peace'),
(62, 5, 'Countdown to Extinction', 1992, 'https://www.metal-archives.com/images/6/6/8/668.jpg', 'countdown-to-extinction'),
(63, 5, 'Youthanasia', 1994, 'https://www.metal-archives.com/images/6/6/9/669.jpg', 'youthanasia'),
(64, 5, 'Cryptic Writings', 1997, 'https://www.metal-archives.com/images/4/4/7/5/447541.jpg', 'cryptic-writings'),
(65, 5, 'Risk', 1999, 'https://www.metal-archives.com/images/6/7/1/671.jpg', 'risk'),
(66, 5, 'The World Needs a Hero', 2001, 'https://www.metal-archives.com/images/6/7/2/672.jpg', 'the-world-needs-a-hero'),
(67, 5, 'The System Has Failed', 2004, 'https://www.metal-archives.com/images/4/9/0/0/49005.jpg', 'the-system-has-failed'),
(68, 5, 'United Abominations', 2007, 'https://www.metal-archives.com/images/1/4/6/9/146969.jpg', 'united-abominations'),
(69, 5, 'Endgame', 2009, 'https://www.metal-archives.com/images/2/4/4/6/244607.jpg', 'endgame'),
(70, 5, 'Th1rt3en', 2011, 'https://www.metal-archives.com/images/4/5/4/5/454508.jpg', 'th1rt3en'),
(71, 5, 'Super Collider', 2013, 'https://www.metal-archives.com/images/3/7/3/3/373373.jpg', 'super-collider'),
(72, 5, 'Dystopia', 2016, 'https://www.metal-archives.com/images/5/3/6/8/536834.jpg', 'dystopia'),
(73, 6, 'The Legacy', 1987, 'https://www.metal-archives.com/images/2/4/4/244.jpg', 'the-legacy'),
(74, 6, 'The New Order', 1988, 'https://www.metal-archives.com/images/2/4/5/245.jpg', 'the-new-order'),
(75, 6, 'Practice What You Preach', 1989, 'https://www.metal-archives.com/images/2/4/6/246.jpg', 'practice-what-you-preach'),
(76, 6, 'Souls of Black', 1990, 'https://www.metal-archives.com/images/2/4/7/247.jpg', 'souls-of-black'),
(77, 6, 'The Ritual', 1992, 'https://www.metal-archives.com/images/2/4/8/248.jpg', 'the-ritual'),
(78, 6, 'Low', 1994, 'https://www.metal-archives.com/images/2/5/0/250.jpg', 'low'),
(79, 6, 'Demonic', 1997, 'https://www.metal-archives.com/images/2/5/6/256.jpg', 'demonic'),
(80, 6, 'The Gathering', 1999, 'https://www.metal-archives.com/images/2/5/9/259.jpg', 'the-gathering'),
(81, 6, 'First Strike Still Deadly', 2001, 'https://www.metal-archives.com/images/2/6/0/260.jpg', 'first-strike-still-deadly'),
(82, 6, 'The Formation of Damnation', 2008, 'https://www.metal-archives.com/images/1/8/7/4/187417.jpg', 'the-formation-of-damnation'),
(83, 6, 'Dark Roots of Earth', 2012, 'https://www.metal-archives.com/images/3/4/1/0/341071.jpg', 'dark-roots-of-earth'),
(84, 6, 'Brotherhood of the Snake', 2016, 'https://www.metal-archives.com/images/5/9/9/2/599281.jpg', 'brotherhood-of-the-snake'),
(85, 6, 'Titans of Creation', 2020, 'https://www.metal-archives.com/images/8/2/3/3/823375.jpg', 'titans-of-creation'),
(86, 7, 'Metal Magic', 1983, 'https://www.metal-archives.com/images/2/2/5/225.jpg', 'metal-magic'),
(87, 7, 'Projects in the Jungle', 1984, 'https://www.metal-archives.com/images/2/2/6/226.jpg', 'projects-in-the-jungle'),
(88, 7, 'I Am the Night', 1985, 'https://www.metal-archives.com/images/2/2/7/227.jpg', 'i-am-the-night'),
(89, 7, 'Power Metal', 1988, 'https://www.metal-archives.com/images/2/2/8/228.jpg', 'power-metal'),
(90, 7, 'Cowboys from Hell', 1990, 'https://www.metal-archives.com/images/2/2/9/229.jpg', 'cowboys-from-hell'),
(91, 7, 'Vulgar Display of Power', 1992, 'https://www.metal-archives.com/images/2/3/0/230.jpg', 'vulgar-display-of-power'),
(92, 7, 'Far Beyond Driven', 1994, 'https://www.metal-archives.com/images/2/3/1/231.jpg', 'far-beyond-driven'),
(93, 7, 'The Great Southern Trendkill', 1996, 'https://www.metal-archives.com/images/2/3/2/232.jpg', 'the-great-southern-trendkill'),
(94, 7, 'Reinventing the Steel', 2000, 'https://www.metal-archives.com/images/2/3/4/234.jpg', 'reinventing-the-steel'),
(95, 8, 'Morbid Visions', 1986, 'https://www.metal-archives.com/images/6/8/9/689.jpg', 'morbid-visions'),
(96, 8, 'Schizophrenia', 1987, 'https://www.metal-archives.com/images/3/2/2/322.jpg', 'schizophrenia'),
(97, 8, 'Beneath the Remains', 1989, 'https://www.metal-archives.com/images/3/2/1/321.jpg', 'beneath-the-remains'),
(98, 8, 'Arise', 1991, 'https://www.metal-archives.com/images/2/7/3/273.jpg', 'arise'),
(99, 8, 'Chaos A.D.', 1993, 'https://www.metal-archives.com/images/2/7/5/275.jpg', 'chaos-ad'),
(100, 8, 'Roots', 1996, 'https://www.metal-archives.com/images/2/7/6/276.jpg', 'roots'),
(101, 8, 'Against', 1998, 'https://www.metal-archives.com/images/2/7/7/277.jpg', 'against'),
(102, 8, 'Nation', 2001, 'https://www.metal-archives.com/images/2/7/9/279.jpg', 'nation'),
(103, 8, 'Roorback', 2003, 'https://www.metal-archives.com/images/1/7/8/6/17867.jpg', 'roorback'),
(104, 8, 'Dante XXI', 2006, 'https://www.metal-archives.com/images/1/0/1/5/101526.jpg', 'dante-xxi'),
(105, 8, 'A-Lex', 2009, 'https://www.metal-archives.com/images/2/1/7/7/217798.jpg', 'a-lex'),
(106, 8, 'Kairos', 2011, 'https://www.metal-archives.com/images/3/0/5/8/305853.jpg', 'kairos'),
(107, 8, 'The Mediator Between Head and Hands Must Be the Heart', 2013, 'https://www.metal-archives.com/images/3/8/5/8/385812.jpg', 'the-mediator-between-head-and-hands-must-be-the-heart'),
(108, 8, 'Machine Messiah', 2017, 'https://www.metal-archives.com/images/6/1/3/2/613230.jpg', 'machine-messiah'),
(109, 8, 'Quadra', 2020, 'https://www.metal-archives.com/images/8/0/9/5/809564.jpg', 'quadra'),
(110, 9, 'Show No Mercy', 1983, 'https://www.metal-archives.com/images/2/0/7/207.jpg', 'show-no-mercy'),
(111, 9, 'Hell Awaits', 1985, 'https://www.metal-archives.com/images/2/0/8/208.jpg', 'hell-awaits'),
(112, 9, 'Reign in Blood', 1986, 'https://www.metal-archives.com/images/2/1/2/212.jpg', 'reign-in-blood'),
(113, 9, 'South of Heaven', 1988, 'https://www.metal-archives.com/images/2/1/4/214.jpg', 'south-of-heaven'),
(114, 9, 'Seasons in the Abyss', 1990, 'https://www.metal-archives.com/images/2/1/8/218.jpg', 'seasons-in-the-abyss'),
(115, 9, 'Divine Intervention', 1994, 'https://www.metal-archives.com/images/2/2/1/221.gif', 'divine-intervention'),
(116, 9, 'Undisputed Attitude', 1996, 'https://www.metal-archives.com/images/5/2/8/4/5284.jpg', 'undisputed-attitude'),
(117, 9, 'Diabolus in Musica', 1998, 'https://www.metal-archives.com/images/2/2/2/222.jpg', 'diabolus-in-musica'),
(118, 9, 'God Hates Us All', 2001, 'https://www.metal-archives.com/images/2/2/4/224.jpg', 'god-hates-us-all'),
(119, 9, 'Christ Illusion', 2006, 'https://www.metal-archives.com/images/1/2/1/4/121478.jpg', 'christ-illusion'),
(120, 9, 'World Painted Blood', 2009, 'https://www.metal-archives.com/images/2/4/9/7/249794.jpg', 'world-painted-blood'),
(121, 9, 'Repentless', 2015, 'https://www.metal-archives.com/images/5/1/7/8/517836.jpg', 'repentless'),
(122, 10, 'Battalions of Fear', 1988, 'https://www.metal-archives.com/images/9/9.jpg', 'battalions-of-fear'),
(123, 10, 'Follow the Blind', 1989, 'https://www.metal-archives.com/images/1/0/10.jpg', 'follow-the-blind'),
(124, 10, 'Tales from the Twilight World', 1990, 'https://www.metal-archives.com/images/1/1/11.jpg', 'tales-from-the-twilight-world'),
(125, 10, 'Somewhere Far Beyond', 1992, 'https://www.metal-archives.com/images/1/2/12.jpg', 'somewhere-far-beyond'),
(126, 10, 'Imaginations from the Other Side', 1995, 'https://www.metal-archives.com/images/1/6/16.jpg', 'imaginations-from-the-other-side'),
(127, 10, 'Nightfall in Middle-Earth', 1998, 'https://www.metal-archives.com/images/1/9/19.jpg', 'nightfall-in-middle-earth'),
(128, 10, 'A Night at the Opera', 2002, 'https://www.metal-archives.com/images/2/1/21.jpg', 'a-night-at-the-opera'),
(129, 10, 'A Twist in the Myth', 2006, 'https://www.metal-archives.com/images/1/1/8/8/118832.jpg', 'a-twist-in-the-myth'),
(130, 10, 'At the Edge of Time', 2010, 'https://www.metal-archives.com/images/2/7/7/8/277823.jpg', 'at-the-edge-of-time'),
(131, 10, 'Beyond the Red Mirror', 2015, 'https://www.metal-archives.com/images/4/6/9/6/469657.jpg', 'beyond-the-red-mirror'),
(132, 10, 'Twilight Orchestra: Legacy of the Dark Lands', 2019, 'https://www.metal-archives.com/images/7/9/0/2/790221.jpg', 'twilight-orchestra-legacy-of-the-dark-lands'),
(133, 11, 'Skydancer', 1993, 'https://www.metal-archives.com/images/4/0/1/6/4016.jpg', 'skydancer'),
(134, 11, 'The Gallery', 1995, 'https://www.metal-archives.com/images/2/2/22.jpg', 'the-gallery'),
(135, 11, 'The Mind\'s I', 1997, 'https://www.metal-archives.com/images/2/5/25.jpg', 'the-minds-i'),
(136, 11, 'Projector', 1999, 'https://www.metal-archives.com/images/8/9/89.jpg', 'projector'),
(137, 11, 'Haven', 2000, 'https://www.metal-archives.com/images/2/3/23.jpg', 'haven'),
(138, 11, 'Damage Done', 2002, 'https://www.metal-archives.com/images/1/2/6/4/1264.jpg', 'damage-done'),
(139, 11, 'Character', 2005, 'https://www.metal-archives.com/images/6/3/6/0/63608.jpg', 'character'),
(140, 11, 'Fiction', 2007, 'https://www.metal-archives.com/images/1/4/3/7/143716.jpg', 'fiction'),
(141, 11, 'We Are the Void', 2010, 'https://www.metal-archives.com/images/2/5/8/6/258632.jpg', 'we-are-the-void'),
(142, 11, 'Construct', 2013, 'https://www.metal-archives.com/images/3/7/1/4/371478.jpg', 'construct'),
(143, 11, 'Atoma', 2016, 'https://www.metal-archives.com/images/6/0/0/7/600746.jpg', 'atoma'),
(144, 12, 'Lunar Strain', 1994, 'https://www.metal-archives.com/images/3/2/0/320.jpg', 'lunar-strain'),
(145, 12, 'The Jester Race', 1996, 'https://www.metal-archives.com/images/1/8/7/187.jpg', 'the-jester-race'),
(146, 12, 'Whoracle', 1997, 'https://www.metal-archives.com/images/1/8/8/188.jpg', 'whoracle'),
(147, 12, 'Colony', 1999, 'https://www.metal-archives.com/images/1/6/1/161.jpg', 'colony'),
(148, 12, 'Clayman', 2000, 'https://www.metal-archives.com/images/3/1/7/317.jpg', 'clayman'),
(149, 12, 'Reroute to Remain', 2002, 'https://www.metal-archives.com/images/1/3/6/2/1362.jpg', 'reroute-to-remain'),
(150, 12, 'Soundtrack to Your Escape', 2004, 'https://www.metal-archives.com/images/3/3/1/8/33188.jpg', 'soundtrack-to-your-escape'),
(151, 12, 'Come Clarity', 2006, 'https://www.metal-archives.com/images/8/9/2/1/89210.jpg', 'come-clarity'),
(152, 12, 'A Sense of Purpose', 2008, 'https://www.metal-archives.com/images/1/8/3/3/183368.jpg', 'a-sense-of-purpose'),
(153, 12, 'Sounds of a Playground Fading', 2011, 'https://www.metal-archives.com/images/3/0/3/7/303722.jpg', 'sounds-of-a-playground-fading'),
(154, 12, 'Siren Charms', 2014, 'https://www.metal-archives.com/images/4/0/9/1/409154.jpg', 'siren-charms'),
(155, 12, 'Battles', 2016, 'https://www.metal-archives.com/images/6/0/5/9/605951.jpg', 'battles'),
(156, 12, 'I, the Mask', 2019, 'https://www.metal-archives.com/images/7/4/9/4/749448.jpg', 'i-the-mask'),
(157, 13, 'For all tid', 1995, 'https://www.metal-archives.com/images/3/3/6/336.jpg', 'for-all-tid'),
(158, 13, 'Stormblåst', 1996, 'https://www.metal-archives.com/images/4/2/9/429.jpg', 'stormblast'),
(159, 13, 'Enthrone Darkness Triumphant', 1997, 'https://www.metal-archives.com/images/4/6/6/5/466565.jpg', 'enthrone-darkness-triumphant'),
(160, 13, 'Spiritual Black Dimensions', 1999, 'https://www.metal-archives.com/images/3/4/2/342.jpg', 'spiritual-black-dimensions'),
(161, 13, 'Puritanical Euphoric Misanthropia', 2001, 'https://www.metal-archives.com/images/3/4/4/344.jpg', 'puritanical-euphoric-misanthropia'),
(162, 13, 'Death Cult Armageddon', 2003, 'https://www.metal-archives.com/images/2/2/2/6/22266.jpg', 'death-cult-armageddon'),
(163, 13, 'Stormblåst MMV', 2005, 'https://www.metal-archives.com/images/1/0/0/1/100140.jpg', 'stormblast-mmv'),
(164, 13, 'In Sorte Diaboli', 2007, 'https://www.metal-archives.com/images/1/4/5/0/145081.JPG', 'in-sorte-diaboli'),
(165, 13, 'Abrahadabra', 2010, 'https://www.metal-archives.com/images/2/8/1/8/281836.jpg', 'abrahadabra'),
(166, 13, 'Eonian', 2018, 'https://www.metal-archives.com/images/6/9/9/0/699096.jpg', 'eonian'),
(167, 14, 'Alice in Hell', 1989, 'https://www.metal-archives.com/images/6/0/7/607.jpg', 'alice-in-hell'),
(168, 14, 'Never, Neverland', 1990, 'https://www.metal-archives.com/images/6/1/4/614.jpg', 'never-neverland'),
(169, 14, 'Set the World on Fire', 1993, 'https://www.metal-archives.com/images/6/1/7/617.jpg', 'set-the-world-on-fire'),
(170, 14, 'King of the Kill', 1994, 'https://www.metal-archives.com/images/6/2/2/622.jpg', 'king-of-the-kill'),
(171, 14, 'Refresh the Demon', 1996, 'https://www.metal-archives.com/images/7/7/2/772.jpg', 'refresh-the-demon'),
(172, 14, 'Remains', 1997, 'https://www.metal-archives.com/images/7/7/4/774.jpg', 'remains'),
(173, 14, 'Criteria for a Black Widow', 1999, 'https://www.metal-archives.com/images/7/7/5/775.jpg', 'criteria-for-a-black-widow'),
(174, 14, 'Carnival Diablos', 2001, 'https://www.metal-archives.com/images/7/7/6/776.jpg', 'carnival-diablos'),
(175, 14, 'Waking the Fury', 2002, 'https://www.metal-archives.com/images/7/7/7/777.jpg', 'waking-the-fury'),
(176, 14, 'All for You', 2004, 'https://www.metal-archives.com/images/4/3/1/6/43160.jpg', 'all-for-you'),
(177, 14, 'Schizo Deluxe', 2005, 'https://www.metal-archives.com/images/9/4/5/6/94566.jpg', 'schizo-deluxe'),
(178, 14, 'Metal', 2007, 'https://www.metal-archives.com/images/1/4/5/6/145699.jpg', 'metal'),
(179, 14, 'Annihilator', 2010, 'https://www.metal-archives.com/images/2/6/8/0/268096.jpg', 'annihilator'),
(180, 14, 'Feast', 2013, 'https://www.metal-archives.com/images/3/7/8/1/378137.jpg', 'feast'),
(181, 14, 'Suicide Society', 2015, 'https://www.metal-archives.com/images/5/1/4/7/514787.jpg', 'suicide-society'),
(182, 14, 'For the Demented', 2017, 'https://www.metal-archives.com/images/6/7/0/3/670374.jpeg', 'for-the-demented'),
(183, 14, 'Ballistic, Sadistic', 2020, 'https://www.metal-archives.com/images/8/0/2/1/802174.jpg', 'ballistic-sadistic'),
(184, 15, 'Endless Pain', 1985, 'https://www.metal-archives.com/images/8/0/5/805.jpg', 'endless-pain'),
(185, 15, 'Pleasure to Kill', 1986, 'https://www.metal-archives.com/images/8/0/7/807.jpg', 'pleasure-to-kill'),
(186, 15, 'Terrible Certainty', 1987, 'https://www.metal-archives.com/images/8/0/8/808.jpg', 'terrible-certainty'),
(187, 15, 'Extreme Aggression', 1989, 'https://www.metal-archives.com/images/4/1/7/5/417562.jpg', 'extreme-aggression'),
(188, 15, 'Coma of Souls', 1990, 'https://www.metal-archives.com/images/8/0/9/809.jpg', 'coma-of-souls'),
(189, 15, 'Renewal', 1992, 'https://www.metal-archives.com/images/8/1/1/811.jpg', 'renewal'),
(190, 15, 'Cause for Conflict', 1995, 'https://www.metal-archives.com/images/8/1/2/812.jpg', 'cause-for-conflict'),
(191, 15, 'Outcast', 1997, 'https://www.metal-archives.com/images/8/7/6/876.jpg', 'outcast'),
(192, 15, 'Endorama', 1999, 'https://www.metal-archives.com/images/8/7/5/875.jpg', 'endorama'),
(193, 15, 'Violent Revolution', 2001, 'https://www.metal-archives.com/images/8/7/3/873.jpg', 'violent-revolution'),
(194, 15, 'Enemy of God', 2005, 'https://www.metal-archives.com/images/6/5/2/6/65265.jpg', 'enemy-of-god'),
(195, 15, 'Hordes of Chaos', 2009, 'https://www.metal-archives.com/images/2/1/3/1/213162.jpg', 'hordes-of-chaos'),
(196, 15, 'Phantom Antichrist', 2012, 'https://www.metal-archives.com/images/3/3/6/3/336363.jpg', 'phantom-antichrist'),
(197, 15, 'Gods of Violence', 2017, 'https://www.metal-archives.com/images/6/1/3/2/613204.jpg', 'gods-of-violence'),
(198, 16, 'Fistful of Metal', 1984, 'https://www.metal-archives.com/images/1/8/4/4/1844.jpg', 'fistful-of-metal'),
(199, 16, 'Spreading the Disease', 1985, 'https://www.metal-archives.com/images/1/8/4/1/1841.jpg', 'spreading-the-disease'),
(200, 16, 'Among the Living', 1987, 'https://www.metal-archives.com/images/1/8/3/8/1838.jpg', 'among-the-living'),
(201, 16, 'State of Euphoria', 1988, 'https://www.metal-archives.com/images/9/1/3/913.jpg', 'state-of-euphoria'),
(202, 16, 'Persistence of Time', 1990, 'https://www.metal-archives.com/images/9/0/8/908.jpg', 'persistence-of-time'),
(203, 16, 'Sound of White Noise', 1993, 'https://www.metal-archives.com/images/8/9/1/891.jpg', 'sound-of-white-noise'),
(204, 16, 'Stomp 442', 1995, 'https://www.metal-archives.com/images/8/8/4/884.jpg', 'stomp-442'),
(205, 16, 'Volume 8 - The Threat Is Real', 1998, 'https://www.metal-archives.com/images/8/8/0/880.jpg', 'volume-8-the-threat-is-real'),
(206, 16, 'We\'ve Come for You All', 2003, 'https://www.metal-archives.com/images/5/8/7/6/587666.jpg', 'weve-come-for-you-all'),
(207, 16, 'The Greater of Two Evils', 2004, 'https://www.metal-archives.com/images/5/8/8/1/58810.jpg', 'the-greater-of-two-evils'),
(208, 16, 'Worship Music', 2011, 'https://www.metal-archives.com/images/3/1/1/5/311587.jpg', 'worship-music'),
(209, 16, 'For All Kings', 2016, 'https://www.metal-archives.com/images/5/4/8/6/548635.jpg', 'for-all-kings'),
(210, 17, 'Melissa', 1983, 'https://www.metal-archives.com/images/7/4/5/745.jpg', 'melissa'),
(211, 17, 'Don\'t Break the Oath', 1984, 'https://www.metal-archives.com/images/7/4/7/747.jpg', 'dont-break-the-oath'),
(212, 17, 'In the Shadows', 1993, 'https://www.metal-archives.com/images/7/5/0/750.jpg', 'in-the-shadows'),
(213, 17, 'Time', 1994, 'https://www.metal-archives.com/images/7/5/1/751.jpg', 'time'),
(214, 17, 'Into the Unknown', 1996, 'https://www.metal-archives.com/images/7/5/2/752.jpg', 'into-the-unknown'),
(215, 17, 'Dead Again', 1998, 'https://www.metal-archives.com/images/7/5/3/753.jpg', 'dead-again'),
(216, 17, '9', 1999, 'https://www.metal-archives.com/images/7/5/5/755.jpg', '9'),
(217, 18, 'Lost Paradise', 1990, 'https://www.metal-archives.com/images/7/9/8/798.jpg', 'lost-paradise'),
(218, 18, 'Gothic', 1991, 'https://www.metal-archives.com/images/7/9/9/799.jpg', 'gothic'),
(219, 18, 'Shades of God', 1992, 'https://www.metal-archives.com/images/8/0/1/801.jpg', 'shades-of-god'),
(220, 18, 'Icon', 1993, 'https://www.metal-archives.com/images/9/1/7/917.jpg', 'icon'),
(221, 18, 'Draconian Times', 1995, 'https://www.metal-archives.com/images/9/1/9/919.jpg', 'draconian-times'),
(222, 18, 'One Second', 1997, 'https://www.metal-archives.com/images/4/2/1/3/421328.jpg', 'one-second'),
(223, 18, 'Host', 1999, 'https://www.metal-archives.com/images/3/0/2/1/3021.jpg', 'host'),
(224, 18, 'Believe in Nothing', 2001, 'https://www.metal-archives.com/images/3/0/2/2/3022.jpg', 'believe-in-nothing'),
(225, 18, 'Symbol of Life', 2002, 'https://www.metal-archives.com/images/1/0/8/3/10838.jpg', 'symbol-of-life'),
(226, 18, 'Paradise Lost', 2005, 'https://www.metal-archives.com/images/7/4/7/3/74734.jpg', 'paradise-lost'),
(227, 18, 'In Requiem', 2007, 'https://www.metal-archives.com/images/1/5/1/0/151043.jpg', 'in-requiem'),
(228, 18, 'Faith Divides Us - Death Unites Us', 2009, 'https://www.metal-archives.com/images/2/4/4/8/244810.jpg', 'faith-divides-us-death-unites-us'),
(229, 18, 'Tragic Idol', 2012, 'https://www.metal-archives.com/images/3/3/4/4/334487.jpg', 'tragic-idol'),
(230, 18, 'The Plague Within', 2015, 'https://www.metal-archives.com/images/5/0/4/9/504948.jpg', 'the-plague-within'),
(231, 18, 'Medusa', 2017, 'https://www.metal-archives.com/images/6/5/8/2/658250.jpg', 'medusa'),
(232, 19, 'Sirens', 1983, 'https://www.metal-archives.com/images/1/4/1/0/1410.jpg', 'sirens'),
(233, 19, 'Power of the Night', 1985, 'https://www.metal-archives.com/images/1/3/8/7/1387.jpg', 'power-of-the-night'),
(234, 19, 'Fight for the Rock', 1986, 'https://www.metal-archives.com/images/1/4/1/5/1415.jpg', 'fight-for-the-rock'),
(235, 19, 'Hall of the Mountain King', 1987, 'https://www.metal-archives.com/images/1/4/1/6/1416.jpg', 'hall-of-the-mountain-king'),
(236, 19, 'Gutter Ballet', 1989, 'https://www.metal-archives.com/images/1/3/7/9/1379.jpg', 'gutter-ballet'),
(237, 19, 'Streets: A Rock Opera', 1991, 'https://www.metal-archives.com/images/1/4/1/8/1418.jpg', 'streets-a-rock-opera'),
(238, 19, 'Edge of Thorns', 1993, 'https://www.metal-archives.com/images/1/4/2/1/1421.jpg', 'edge-of-thorns'),
(239, 19, 'Handful of Rain', 1994, 'https://www.metal-archives.com/images/1/4/2/3/1423.jpg', 'handful-of-rain'),
(240, 19, 'Dead Winter Dead', 1995, 'https://www.metal-archives.com/images/1/4/3/3/1433.jpg', 'dead-winter-dead'),
(241, 19, 'The Wake of Magellan', 1997, 'https://www.metal-archives.com/images/1/4/3/6/1436.jpg', 'the-wake-of-magellan'),
(242, 19, 'Poets and Madmen', 2001, 'https://www.metal-archives.com/images/1/4/4/0/1440.jpg', 'poets-and-madmen'),
(243, 20, 'The Karelian Isthmus', 1992, 'https://www.metal-archives.com/images/2/9/5/295.jpg', 'the-karelian-isthmus'),
(244, 20, 'Tales from the Thousand Lakes', 1994, 'https://www.metal-archives.com/images/2/9/4/294.jpg', 'tales-from-the-thousand-lakes'),
(245, 20, 'Elegy', 1996, 'https://www.metal-archives.com/images/1/6/2/162.jpg', 'elegy'),
(246, 20, 'Tuonela', 1999, 'https://www.metal-archives.com/images/1/1.jpg', 'tuonela'),
(247, 20, 'Am Universum', 2001, 'https://www.metal-archives.com/images/1/4/8/148.jpg', 'am-universum'),
(248, 20, 'Far from the Sun', 2003, 'https://www.metal-archives.com/images/1/8/1/9/18194.jpg', 'far-from-the-sun'),
(249, 20, 'Eclipse', 2006, 'https://www.metal-archives.com/images/9/7/9/4/97940.jpg', 'eclipse'),
(250, 20, 'Silent Waters', 2007, 'https://www.metal-archives.com/images/1/5/3/2/153275.jpg', 'silent-waters'),
(251, 20, 'Skyforger', 2009, 'https://www.metal-archives.com/images/2/2/6/3/226394.jpg', 'skyforger'),
(252, 20, 'Magic & Mayhem - Tales from the Early Years', 2010, 'https://www.metal-archives.com/images/2/8/1/3/281311.jpg', 'magic-mayhem-tales-from-the-early-years'),
(253, 20, 'The Beginning of Times', 2011, 'https://www.metal-archives.com/images/2/9/9/4/299490.jpg', 'the-beginning-of-times'),
(254, 20, 'Circle', 2013, 'https://www.metal-archives.com/images/3/6/5/1/365196.jpg', 'circle'),
(255, 20, 'Under the Red Cloud', 2015, 'https://www.metal-archives.com/images/5/1/7/0/517093.jpg', 'under-the-red-cloud'),
(256, 20, 'Queen of Time', 2018, 'https://www.metal-archives.com/images/7/0/4/4/704490.jpg', 'queen-of-time');

-- --------------------------------------------------------

--
-- Table structure for table `bands`
--

CREATE TABLE `bands` (
  `id` int(11) NOT NULL,
  `name` varchar(255) NOT NULL,
  `photo` varchar(255) NOT NULL,
  `formed` varchar(255) NOT NULL,
  `country` varchar(255) NOT NULL,
  `slug` varchar(255) NOT NULL
) ENGINE=InnoDB DEFAULT CHARSET=utf8;

--
-- Dumping data for table `bands`
--

INSERT INTO `bands` (`id`, `name`, `photo`, `formed`, `country`, `slug`) VALUES
(1, 'Iron Maiden', 'https://www.metal-archives.com/images/2/5/25_photo.jpg', '1975', 'United Kingdom', 'iron-maiden'),
(2, 'Metallica', 'https://www.metal-archives.com/images/1/2/5/125_photo.jpg', '1981', 'United States', 'metallica'),
(3, 'Black Sabbath', 'https://www.metal-archives.com/images/9/9/99_photo.jpg', '1969', 'United Kingdom', 'black-sabbath'),
(4, 'Nightwish', 'https://www.metal-archives.com/images/3/9/39_photo.jpg', '1996', 'Finland', 'nightwish'),
(5, 'Megadeth', 'https://www.metal-archives.com/images/1/3/8/138_photo.jpg', '1983', 'United States', 'megadeth'),
(6, 'Testament', 'https://www.metal-archives.com/images/7/0/70_photo.jpg', '1986', 'United States', 'testament'),
(7, 'Pantera', 'https://www.metal-archives.com/images/7/7/77_photo.jpg', '1981', 'United States', 'pantera'),
(8, 'Sepultura', 'https://www.metal-archives.com/images/7/8/78_photo.jpg', '1984', 'Brazil', 'sepultura'),
(9, 'Slayer', 'https://www.metal-archives.com/images/7/2/72_photo.jpg', '1981', 'United States', 'slayer'),
(10, 'Blind Guardian', 'https://www.metal-archives.com/images/3/3_photo.jpeg', '1986', 'Germany', 'blind-guardian'),
(11, 'Dark Tranquillity', 'https://www.metal-archives.com/images/8/8_photo.jpg', '1991', 'Sweden', 'dark-tranquillity'),
(12, 'In Flames', 'https://www.metal-archives.com/images/1/1/11_photo.jpg', '1990', 'Sweden', 'in-flames'),
(13, 'Dimmu Borgir', 'https://www.metal-archives.com/images/6/9/69_photo.jpg', '1993', 'Norway', 'dimmu-borgir'),
(14, 'Annihilator', 'https://www.metal-archives.com/images/1/4/0/140_photo.jpg', '1984', 'Canada', 'annihilator'),
(15, 'Kreator', 'https://www.metal-archives.com/images/1/5/7/157_photo.jpg', '1984', 'Germany', 'kreator'),
(16, 'Anthrax', 'https://www.metal-archives.com/images/1/6/9/169_photo.jpg', '1981', 'United States', 'anthrax'),
(17, 'Mercyful Fate', 'https://www.metal-archives.com/images/1/8/2/182_photo.jpg', '1981', 'Denmark', 'mercyful-fate'),
(18, 'Paradise Lost', 'https://www.metal-archives.com/images/1/9/1/191_photo.jpg', '1988', 'United Kingdom', 'paradise-lost'),
(19, 'Savatage', 'https://www.metal-archives.com/images/1/9/3/193_photo.jpg', '1983', 'United States', 'savatage'),
(20, 'Amorphis', 'https://www.metal-archives.com/images/1/1_photo.jpg', '1990', 'Finland', 'amorphis');

-- --------------------------------------------------------

--
-- Table structure for table `favorites`
--

CREATE TABLE `favorites` (
  `id` int(11) NOT NULL,
  `user_id` int(11) NOT NULL,
  `band_id` int(11) NOT NULL,
  `album_id` int(11) NOT NULL,
  `song_id` int(11) NOT NULL
) ENGINE=InnoDB DEFAULT CHARSET=utf8;

-- --------------------------------------------------------

--
-- Table structure for table `navigation`
--

CREATE TABLE `navigation` (
  `id` int(11) NOT NULL,
  `name` varchar(255) NOT NULL,
  `href` varchar(255) NOT NULL,
  `priority` int(11) NOT NULL
) ENGINE=InnoDB DEFAULT CHARSET=utf8mb4;

-- --------------------------------------------------------

--
-- Table structure for table `songs`
--

CREATE TABLE `songs` (
  `id` int(11) NOT NULL,
  `album_id` int(11) NOT NULL,
  `title` varchar(255) NOT NULL
) ENGINE=InnoDB DEFAULT CHARSET=utf8;

--
-- Dumping data for table `songs`
--

INSERT INTO `songs` (`id`, `album_id`, `title`) VALUES
(1, 1, ' Prowler '),
(2, 1, ' Remember Tomorrow '),
(3, 1, ' Running Free '),
(4, 1, ' Phantom of the Opera '),
(5, 1, ' Transylvania '),
(6, 1, ' Strange World '),
(7, 1, ' Charlotte the Harlot '),
(8, 1, ' Iron Maiden '),
(9, 2, ' The Ides of March '),
(10, 2, ' Wrathchild '),
(11, 2, ' Murders in the Rue Morgue '),
(12, 2, ' Another Life '),
(13, 2, ' Genghis Khan '),
(14, 2, ' Innocent Exile '),
(15, 2, ' Killers '),
(16, 2, ' Prodigal Son '),
(17, 2, ' Purgatory '),
(18, 2, ' Drifter '),
(19, 3, ' Invaders '),
(20, 3, ' Children of the Damned '),
(21, 3, ' The Prisoner '),
(22, 3, ' 22 Acacia Avenue '),
(23, 3, ' The Number of the Beast '),
(24, 3, ' Run to the Hills '),
(25, 3, ' Gangland '),
(26, 3, ' Hallowed Be Thy Name '),
(27, 4, ' Where Eagles Dare '),
(28, 4, ' Revelations '),
(29, 4, ' Flight of Icarus '),
(30, 4, ' Die with Your Boots On '),
(31, 4, ' The Trooper '),
(32, 4, ' Still Life '),
(33, 4, ' Quest for Fire '),
(34, 4, ' Sun and Steel '),
(35, 4, ' To Tame a Land '),
(36, 5, ' Aces High '),
(37, 5, ' 2 Minutes to Midnight '),
(38, 5, ' Losfer Words (Big \'Orra) '),
(39, 5, ' Flash of the Blade '),
(40, 5, ' The Duellists '),
(41, 5, ' Back in the Village '),
(42, 5, ' Powerslave '),
(43, 5, ' Rime of the Ancient Mariner '),
(44, 6, ' Caught Somewhere in Time '),
(45, 6, ' Wasted Years '),
(46, 6, ' Sea of Madness '),
(47, 6, ' Heaven Can Wait '),
(48, 6, ' The Loneliness of the Long Distance Runner '),
(49, 6, ' Stranger in a Strange Land '),
(50, 6, ' Deja-Vu '),
(51, 6, ' Alexander the Great (356-323 B.C.) '),
(52, 7, ' Moonchild '),
(53, 7, ' Infinite Dreams '),
(54, 7, ' Can I Play with Madness '),
(55, 7, ' The Evil That Men Do '),
(56, 7, ' Seventh Son of a Seventh Son '),
(57, 7, ' The Prophecy '),
(58, 7, ' The Clairvoyant '),
(59, 7, ' Only the Good Die Young '),
(60, 8, ' Tailgunner '),
(61, 8, ' Holy Smoke '),
(62, 8, ' No Prayer for the Dying '),
(63, 8, ' Public Enema Number One '),
(64, 8, ' Fates Warning '),
(65, 8, ' The Assassin '),
(66, 8, ' Run Silent Run Deep '),
(67, 8, ' Hooks in You '),
(68, 8, ' Bring Your Daughter... to the Slaughter '),
(69, 8, ' Mother Russia '),
(70, 9, ' Be Quick or Be Dead '),
(71, 9, ' From Here to Eternity '),
(72, 9, ' Afraid to Shoot Strangers '),
(73, 9, ' Fear Is the Key '),
(74, 9, ' Childhood\'s End '),
(75, 9, ' Wasting Love '),
(76, 9, ' The Fugitive '),
(77, 9, ' Chains of Misery '),
(78, 9, ' The Apparition '),
(79, 9, ' Judas Be My Guide '),
(80, 9, ' Weekend Warrior '),
(81, 9, ' Fear of the Dark '),
(82, 10, ' Sign of the Cross '),
(83, 10, ' Lord of the Flies '),
(84, 10, ' Man on the Edge '),
(85, 10, ' Fortunes of War '),
(86, 10, ' Look for the Truth '),
(87, 10, ' The Aftermath '),
(88, 10, ' Judgement of Heaven '),
(89, 10, ' Blood on the World\'s Hands '),
(90, 10, ' The Edge of Darkness '),
(91, 10, ' 2 A.M. '),
(92, 10, ' The Unbeliever '),
(93, 11, ' Futureal '),
(94, 11, ' The Angel and the Gambler '),
(95, 11, ' Lightning Strikes Twice '),
(96, 11, ' The Clansman '),
(97, 11, ' When Two Worlds Collide '),
(98, 11, ' The Educated Fool '),
(99, 11, ' Don\'t Look to the Eyes of a Stranger '),
(100, 11, ' Como Estais Amigos '),
(101, 12, ' The Wicker Man '),
(102, 12, ' Ghost of the Navigator '),
(103, 12, ' Brave New World '),
(104, 12, ' Blood Brothers '),
(105, 12, ' The Mercenary '),
(106, 12, ' Dream of Mirrors '),
(107, 12, ' The Fallen Angel '),
(108, 12, ' The Nomad '),
(109, 12, ' Out of the Silent Planet '),
(110, 12, ' The Thin Line Between Love & Hate '),
(111, 13, ' Wildest Dreams '),
(112, 13, ' Rainmaker '),
(113, 13, ' No More Lies '),
(114, 13, ' Montségur '),
(115, 13, ' Dance of Death '),
(116, 13, ' Gates of Tomorrow '),
(117, 13, ' New Frontier '),
(118, 13, ' Paschendale '),
(119, 13, ' Face in the Sand '),
(120, 13, ' Age of Innocence '),
(121, 13, ' Journeyman '),
(122, 14, ' Different World '),
(123, 14, ' These Colours Don\'t Run '),
(124, 14, ' Brighter than a Thousand Suns '),
(125, 14, ' The Pilgrim '),
(126, 14, ' The Longest Day '),
(127, 14, ' Out of the Shadows '),
(128, 14, ' The Reincarnation of Benjamin Breeg '),
(129, 14, ' For the Greater Good of God '),
(130, 14, ' Lord of Light '),
(131, 14, ' The Legacy '),
(132, 15, ' Satellite 15... The Final Frontier '),
(133, 15, ' El Dorado '),
(134, 15, ' Mother of Mercy '),
(135, 15, ' Coming Home '),
(136, 15, ' The Alchemist '),
(137, 15, ' Isle of Avalon '),
(138, 15, ' Starblind '),
(139, 15, ' The Talisman '),
(140, 15, ' The Man Who Would Be King '),
(141, 15, ' When the Wild Wind Blows '),
(142, 16, ' If Eternity Should Fail '),
(143, 16, ' Speed of Light '),
(144, 16, ' The Great Unknown '),
(145, 16, ' The Red and the Black '),
(146, 16, ' When the River Runs Deep '),
(147, 16, ' The Book of Souls '),
(148, 16, ' Death or Glory '),
(149, 16, ' Shadows of the Valley '),
(150, 16, ' Tears of a Clown '),
(151, 16, ' The Man of Sorrows '),
(152, 16, ' Empire of the Clouds '),
(153, 17, ' Hit the Lights '),
(154, 17, ' The Four Horsemen '),
(155, 17, ' Motorbreath '),
(156, 17, ' Jump in the Fire '),
(157, 17, ' (Anesthesia) Pulling Teeth  '),
(158, 17, ' Whiplash '),
(159, 17, ' Phantom Lord '),
(160, 17, ' No Remorse '),
(161, 17, ' Seek & Destroy '),
(162, 17, ' Metal Militia '),
(163, 18, ' Fight Fire with Fire '),
(164, 18, ' Ride the Lightning '),
(165, 18, ' For Whom the Bell Tolls '),
(166, 18, ' Fade to Black '),
(167, 18, ' Trapped Under Ice '),
(168, 18, ' Escape '),
(169, 18, ' Creeping Death '),
(170, 18, ' The Call of Ktulu '),
(171, 19, ' Battery '),
(172, 19, ' Master of Puppets '),
(173, 19, ' The Thing That Should Not Be '),
(174, 19, ' Welcome Home (Sanitarium) '),
(175, 19, ' Disposable Heroes '),
(176, 19, ' Leper Messiah '),
(177, 19, ' Orion '),
(178, 19, ' Damage, Inc. '),
(179, 20, ' Blackened '),
(180, 20, ' ...and Justice for All '),
(181, 20, ' Eye of the Beholder '),
(182, 20, ' One '),
(183, 20, ' The Shortest Straw '),
(184, 20, ' Harvester of Sorrow '),
(185, 20, ' The Frayed Ends of Sanity '),
(186, 20, ' To Live Is to Die '),
(187, 20, ' Dyers Eve '),
(188, 21, ' Enter Sandman '),
(189, 21, ' Sad but True '),
(190, 21, ' Holier Than Thou '),
(191, 21, ' The Unforgiven '),
(192, 21, ' Wherever I May Roam '),
(193, 21, ' Don\'t Tread on Me '),
(194, 21, ' Through the Never '),
(195, 21, ' Nothing Else Matters '),
(196, 21, ' Of Wolf and Man '),
(197, 21, ' The God That Failed '),
(198, 21, ' My Friend of Misery '),
(199, 21, ' The Struggle Within '),
(200, 22, ' Ain\'t My Bitch '),
(201, 22, ' 2x4 '),
(202, 22, ' The House Jack Built '),
(203, 22, ' Until It Sleeps '),
(204, 22, ' King Nothing '),
(205, 22, ' Hero of the Day '),
(206, 22, ' Bleeding Me '),
(207, 22, ' Cure '),
(208, 22, ' Poor Twisted Me '),
(209, 22, ' Wasting My Hate '),
(210, 22, ' Mama Said '),
(211, 22, ' Thorn Within '),
(212, 22, ' Ronnie '),
(213, 22, ' The Outlaw Torn '),
(214, 23, ' Fuel '),
(215, 23, ' The Memory Remains '),
(216, 23, ' Devil\'s Dance '),
(217, 23, ' The Unforgiven II '),
(218, 23, ' Better than You '),
(219, 23, ' Slither '),
(220, 23, ' Carpe Diem Baby '),
(221, 23, ' Bad Seed '),
(222, 23, ' Where the Wild Things Are '),
(223, 23, ' Prince Charming '),
(224, 23, ' Low Man\'s Lyric '),
(225, 23, ' Attitude '),
(226, 23, ' Fixxxer '),
(227, 24, ' Free Speech for the Dumb (Discharge cover) '),
(228, 24, ' It\'s Electric (Diamond Head cover) '),
(229, 24, ' Sabbra Cadabra (Black Sabbath cover) '),
(230, 24, ' Turn the Page (Bob Seger cover) '),
(231, 24, ' Die, Die My Darling (Misfits cover) '),
(232, 24, ' Loverman (Nick Cave and the Bad Seeds cover) '),
(233, 24, ' Mercyful Fate (Mercyful Fate cover) '),
(234, 24, ' Astronomy (Blue Öyster Cult cover) '),
(235, 24, ' Whiskey in the Jar (Thin Lizzy cover) '),
(236, 24, ' Tuesday\'s Gone (Lynyrd Skynyrd cover) '),
(237, 24, ' The More I See (Discharge cover) '),
(238, 24, ' Helpless (Diamond Head cover) '),
(239, 24, ' The Small Hours (Holocaust cover) '),
(240, 24, ' The Wait (Killing Joke cover) '),
(241, 24, ' Crash Course in Brain Surgery (Budgie cover) '),
(242, 24, ' Last Caress / Green Hell (Misfits cover) '),
(243, 24, ' Am I Evil? (Diamond Head cover) '),
(244, 24, ' Blitzkrieg (Blitzkrieg cover) '),
(245, 24, ' Breadfan (Budgie cover) '),
(246, 24, ' The Prince (Diamond Head cover) '),
(247, 24, ' Stone Cold Crazy (Queen cover) '),
(248, 24, ' So What (Anti-Nowhere League cover) '),
(249, 24, ' Killing Time (Sweet Savage cover) '),
(250, 24, ' Overkill (Motörhead cover) '),
(251, 24, ' Damage Case (Motörhead cover) '),
(252, 24, ' Stone Dead Forever (Motörhead cover) '),
(253, 24, ' Too Late, Too Late (Motörhead cover) '),
(254, 25, ' Frantic '),
(255, 25, ' St. Anger '),
(256, 25, ' Some Kind of Monster '),
(257, 25, ' Dirty Window '),
(258, 25, ' Invisible Kid '),
(259, 25, ' My World '),
(260, 25, ' Shoot Me Again '),
(261, 25, ' Sweet Amber '),
(262, 25, ' The Unnamed Feeling '),
(263, 25, ' Purify '),
(264, 25, ' All Within My Hands '),
(265, 26, ' That Was Just Your Life '),
(266, 26, '  The End of the Line '),
(267, 26, ' Broken, Beat & Scarred '),
(268, 26, ' The Day That Never Comes '),
(269, 26, ' All Nightmare Long '),
(270, 26, ' Cyanide '),
(271, 26, ' The Unforgiven III '),
(272, 26, ' The Judas Kiss '),
(273, 26, ' Suicide & Redemption '),
(274, 26, ' My Apocalypse '),
(275, 27, ' Hardwired '),
(276, 27, ' Atlas, Rise! '),
(277, 27, ' Now That We\'re Dead '),
(278, 27, ' Moth into Flame '),
(279, 27, ' Dream No More '),
(280, 27, ' Halo on Fire '),
(281, 27, ' Confusion '),
(282, 27, ' ManUNkind '),
(283, 27, ' Here Comes Revenge '),
(284, 27, ' Am I Savage? '),
(285, 27, ' Murder One '),
(286, 27, ' Spit Out the Bone '),
(287, 28, ' Black Sabbath '),
(288, 28, ' The Wizard '),
(289, 28, ' Behind the Wall of Sleep '),
(290, 28, ' N.I.B. '),
(291, 28, ' Evil Woman, Don\'t Play Your Games with Me (Crow cover) '),
(292, 28, ' Sleeping Village '),
(293, 28, ' Warning (Aynsley Dunbar Retaliation cover) '),
(294, 29, ' War Pigs '),
(295, 29, ' Paranoid '),
(296, 29, ' Planet Caravan '),
(297, 29, ' Iron Man '),
(298, 29, ' Electric Funeral '),
(299, 29, ' Hand of Doom '),
(300, 29, ' Rat Salad '),
(301, 29, ' Fairies Wear Boots '),
(302, 30, ' Sweet Leaf '),
(303, 30, ' After Forever '),
(304, 30, ' Embryo '),
(305, 30, ' Children of the Grave '),
(306, 30, ' Orchid '),
(307, 30, ' Lord of This World '),
(308, 30, ' Solitude '),
(309, 30, ' Into the Void '),
(310, 31, ' Wheels of Confusion '),
(311, 31, ' Tomorrow\'s Dream '),
(312, 31, ' Changes '),
(313, 31, ' FX '),
(314, 31, ' Supernaut '),
(315, 31, ' Snowblind '),
(316, 31, ' Cornucopia '),
(317, 31, ' Laguna Sunrise '),
(318, 31, ' St. Vitus Dance '),
(319, 31, ' Under the Sun '),
(320, 32, ' Sabbath Bloody Sabbath '),
(321, 32, ' A National Acrobat '),
(322, 32, ' Fluff '),
(323, 32, ' Sabbra Cadabra '),
(324, 32, ' Killing Yourself to Live '),
(325, 32, ' Who Are You '),
(326, 32, ' Looking for Today '),
(327, 32, ' Spiral Architect '),
(328, 33, ' Hole in the Sky '),
(329, 33, ' Don\'t Start (Too Late) '),
(330, 33, ' Symptom of the Universe '),
(331, 33, ' Megalomania '),
(332, 33, ' Thrill of It All '),
(333, 33, ' Supertzar '),
(334, 33, ' Am I Going Insane (Radio) '),
(335, 33, ' The Writ '),
(336, 34, ' Back Street Kids '),
(337, 34, ' You Won\'t Change Me '),
(338, 34, ' It\'s Alright '),
(339, 34, ' Gypsy '),
(340, 34, ' All Moving Parts (Stand Still) '),
(341, 34, ' Rock \'n\' Roll Doctor '),
(342, 34, ' She\'s Gone '),
(343, 34, ' Dirty Women '),
(344, 35, ' Never Say Die '),
(345, 35, ' Johnny Blade '),
(346, 35, ' Junior\'s Eyes '),
(347, 35, ' A Hard Road '),
(348, 35, ' Shock Wave '),
(349, 35, ' Air Dance '),
(350, 35, ' Over to You '),
(351, 35, ' Breakout '),
(352, 35, ' Swinging the Chain '),
(353, 36, ' Neon Knights '),
(354, 36, ' Children of the Sea '),
(355, 36, ' Lady Evil '),
(356, 36, ' Heaven and Hell '),
(357, 36, ' Wishing Well '),
(358, 36, ' Die Young '),
(359, 36, ' Walk Away '),
(360, 36, ' Lonely Is the Word '),
(361, 37, ' Turn Up the Night '),
(362, 37, ' Voodoo '),
(363, 37, ' The Sign of the Southern Cross '),
(364, 37, ' E5150 '),
(365, 37, ' The Mob Rules '),
(366, 37, ' Country Girl '),
(367, 37, ' Slipping Away '),
(368, 37, ' Falling Off the Edge of the World '),
(369, 37, ' Over and Over '),
(370, 38, ' Trashed '),
(371, 38, ' Stonehenge '),
(372, 38, ' Disturbing the Priest '),
(373, 38, ' The Dark '),
(374, 38, ' Zero the Hero '),
(375, 38, ' Digital Bitch '),
(376, 38, ' Born Again '),
(377, 38, ' Hot Line '),
(378, 38, ' Keep It Warm '),
(379, 39, ' In for the Kill '),
(380, 39, ' No Stranger to Love '),
(381, 39, ' Turn to Stone '),
(382, 39, ' Sphinx (The Guardian) '),
(383, 39, ' Seventh Star '),
(384, 39, ' Danger Zone '),
(385, 39, ' Heart Like a Wheel '),
(386, 39, ' Angry Heart '),
(387, 39, ' In Memory... '),
(388, 40, ' The Shining '),
(389, 40, ' Ancient Warrior '),
(390, 40, ' Hard Life to Love '),
(391, 40, ' Glory Ride '),
(392, 40, ' Born to Lose '),
(393, 40, ' Nightmare '),
(394, 40, ' Scarlet Pimpernel '),
(395, 40, ' Lost Forever '),
(396, 40, ' Eternal Idol '),
(397, 41, ' The Gates of Hell '),
(398, 41, ' Headless Cross '),
(399, 41, ' Devil & Daughter '),
(400, 41, ' When Death Calls '),
(401, 41, ' Kill in the Spirit World '),
(402, 41, ' Call of the Wild '),
(403, 41, ' Black Moon '),
(404, 41, ' Nightwing '),
(405, 42, ' Anno Mundi '),
(406, 42, ' The Law Maker '),
(407, 42, ' Jerusalem '),
(408, 42, ' The Sabbath Stones '),
(409, 42, ' The Battle of Tyr '),
(410, 42, ' Odin\'s Court '),
(411, 42, ' Valhalla '),
(412, 42, ' Feels Good to Me '),
(413, 42, ' Heaven in Black '),
(414, 43, ' Computer God '),
(415, 43, ' After All (The Dead) '),
(416, 43, ' TV Crimes '),
(417, 43, ' Letters from Earth '),
(418, 43, ' Master of Insanity '),
(419, 43, ' Time Machine '),
(420, 43, ' Sins of the Father '),
(421, 43, ' Too Late '),
(422, 43, ' I '),
(423, 43, ' Buried Alive '),
(424, 44, ' I Witness '),
(425, 44, ' Cross of Thorns '),
(426, 44, ' Psychophobia '),
(427, 44, ' Virtual Death '),
(428, 44, ' Immaculate Deception '),
(429, 44, ' Dying for Love '),
(430, 44, ' Back to Eden '),
(431, 44, ' The Hand That Rocks the Cradle '),
(432, 44, ' Cardinal Sin '),
(433, 44, ' Evil Eye '),
(434, 45, ' The Illusion of Power '),
(435, 45, ' Get a Grip '),
(436, 45, ' Can\'t Get Close Enough '),
(437, 45, ' Shaking Off the Chains '),
(438, 45, ' I Won\'t Cry for You '),
(439, 45, ' Guilty as Hell '),
(440, 45, ' Sick and Tired '),
(441, 45, ' Rusty Angels '),
(442, 45, ' Forbidden '),
(443, 45, ' Kiss of Death '),
(444, 46, ' End of the Beginning '),
(445, 46, ' God Is Dead? '),
(446, 46, ' Loner '),
(447, 46, ' Zeitgeist '),
(448, 46, ' Age of Reason '),
(449, 46, ' Live Forever '),
(450, 46, ' Damaged Soul '),
(451, 46, ' Dear Father '),
(452, 47, ' Elvenpath '),
(453, 47, ' Beauty and the Beast '),
(454, 47, ' The Carpenter '),
(455, 47, ' Astral Romance '),
(456, 47, ' Angels Fall First '),
(457, 47, ' Tutankhamen '),
(458, 47, ' Nymphomaniac Fantasia '),
(459, 47, ' Know Why the Nightingale Sings '),
(460, 47, ' Lappi (Lapland): Erämaajärvi '),
(461, 47, ' Lappi (Lapland): Witchdrums '),
(462, 47, ' Lappi (Lapland): This Moment Is Eternity '),
(463, 47, ' Lappi (Lapland): Etiäinen '),
(464, 48, ' Stargazers '),
(465, 48, ' Gethsemane '),
(466, 48, ' Devil & the Deep Dark Ocean '),
(467, 48, ' Sacrament of Wilderness '),
(468, 48, ' Passion and the Opera '),
(469, 48, ' Swanheart '),
(470, 48, ' Moondance '),
(471, 48, ' The Riddler '),
(472, 48, ' The Pharaoh Sails to Orion '),
(473, 48, ' Walking in the Air (Howard Blake cover) '),
(474, 49, ' She Is My Sin '),
(475, 49, ' The Kinslayer '),
(476, 49, ' Come Cover Me '),
(477, 49, ' Wanderlust '),
(478, 49, ' Two for Tragedy '),
(479, 49, ' Wishmaster '),
(480, 49, ' Bare Grace Misery '),
(481, 49, ' Crownless '),
(482, 49, ' Deep Silent Complete '),
(483, 49, ' Dead Boy\'s Poem '),
(484, 49, ' FantasMic '),
(485, 50, ' Bless the Child '),
(486, 50, ' End of All Hope '),
(487, 50, ' Dead to the World '),
(488, 50, ' Ever Dream '),
(489, 50, ' Slaying the Dreamer '),
(490, 50, ' Forever Yours '),
(491, 50, ' Ocean Soul '),
(492, 50, ' Feel for You '),
(493, 50, ' The Phantom of the Opera '),
(494, 50, ' Beauty of the Beast '),
(495, 51, ' Dark Chest of Wonders '),
(496, 51, ' Wish I Had an Angel '),
(497, 51, ' Nemo '),
(498, 51, ' Planet Hell '),
(499, 51, ' Creek Mary\'s Blood '),
(500, 51, ' The Siren '),
(501, 51, ' Dead Gardens '),
(502, 51, ' Romanticide '),
(503, 51, ' Ghost Love Score '),
(504, 51, ' Kuolema tekee taiteilijan '),
(505, 51, ' Higher than Hope '),
(506, 52, ' The Poet and the Pendulum '),
(507, 52, ' Bye Bye Beautiful '),
(508, 52, ' Amaranth '),
(509, 52, ' Cadence of Her Last Breath '),
(510, 52, ' Master Passion Greed '),
(511, 52, ' Eva '),
(512, 52, ' Sahara '),
(513, 52, ' Whoever Brings the Night '),
(514, 52, ' For the Heart I Once Had '),
(515, 52, ' The Islander '),
(516, 52, ' Last of the Wilds '),
(517, 52, ' 7 Days to the Wolves '),
(518, 52, ' Meadows of Heaven '),
(519, 53, ' Taikatalvi '),
(520, 53, ' Storytime '),
(521, 53, ' Ghost River '),
(522, 53, ' Slow, Love, Slow '),
(523, 53, ' I Want My Tears Back '),
(524, 53, ' Scaretale '),
(525, 53, ' Arabesque '),
(526, 53, ' Turn Loose the Mermaids '),
(527, 53, ' Rest Calm '),
(528, 53, ' The Crow, the Owl and the Dove '),
(529, 53, ' Last Ride of the Day '),
(530, 53, ' Song of Myself '),
(531, 53, ' Imaginaerum '),
(532, 54, ' Taikatalvi '),
(533, 54, ' Storytime '),
(534, 54, ' Ghost River '),
(535, 54, ' Slow, Love, Slow '),
(536, 54, ' I Want My Tears Back '),
(537, 54, ' Scaretale '),
(538, 54, ' Arabesque '),
(539, 54, ' Turn Loose the Mermaids '),
(540, 54, ' Rest Calm '),
(541, 54, ' The Crow, the Owl and the Dove '),
(542, 54, ' Last Ride of the Day '),
(543, 54, ' Song of Myself '),
(544, 54, ' Imaginaerum '),
(545, 55, ' Find Your Story '),
(546, 55, ' Orphanage Airlines '),
(547, 55, ' Undertow '),
(548, 55, ' Spying in the Doorway '),
(549, 55, ' A Crackling Sphere '),
(550, 55, ' Sundown '),
(551, 55, ' Wonderfields '),
(552, 55, ' Hey Buddy '),
(553, 55, ' Deeper Down '),
(554, 55, ' Dare to Enter '),
(555, 55, ' I Have to Let You Go '),
(556, 55, ' Heart Lying Still '),
(557, 55, ' From G to E Minor '),
(558, 56, ' Shudder Before the Beautiful '),
(559, 56, ' Weak Fantasy '),
(560, 56, ' Élan '),
(561, 56, ' Yours Is an Empty Hope '),
(562, 56, ' Our Decades in the Sun '),
(563, 56, ' My Walden '),
(564, 56, ' Endless Forms Most Beautiful '),
(565, 56, ' Edema Ruh '),
(566, 56, ' Alpenglow '),
(567, 56, ' The Eyes of Sharbat Gula '),
(568, 56, ' The Greatest Show on Earth '),
(569, 57, ' Music '),
(570, 57, ' Noise '),
(571, 57, ' Shoemaker '),
(572, 57, ' Harvest '),
(573, 57, ' Pan '),
(574, 57, ' How\'s the Heart? '),
(575, 57, ' Procession '),
(576, 57, ' Tribal '),
(577, 57, ' Endlessness '),
(578, 57, ' All the Works of Nature Which Adorn the World '),
(579, 58, ' Last Rites / Loved to Death '),
(580, 58, ' Killing Is My Business... and Business Is Good! '),
(581, 58, ' Skull Beneath the Skin '),
(582, 58, ' These Boots (Nancy Sinatra cover) '),
(583, 58, ' Rattlehead '),
(584, 58, ' Chosen Ones '),
(585, 58, ' Looking Down the Cross '),
(586, 58, ' Mechanix '),
(587, 59, ' Wake Up Dead '),
(588, 59, ' The Conjuring '),
(589, 59, ' Peace Sells '),
(590, 59, ' Devils Island '),
(591, 59, ' Good Mourning / Black Friday '),
(592, 59, ' Bad Omen '),
(593, 59, ' I Ain\'t Superstitious (Willie Dixon cover) '),
(594, 59, ' My Last Words '),
(595, 60, ' Into the Lungs of Hell '),
(596, 60, ' Set the World Afire '),
(597, 60, ' Anarchy in the U.K. (Sex Pistols cover) '),
(598, 60, ' Mary Jane '),
(599, 60, ' 502 '),
(600, 60, ' In My Darkest Hour '),
(601, 60, ' Liar '),
(602, 60, ' Hook in Mouth '),
(603, 61, ' Holy Wars... The Punishment Due '),
(604, 61, ' Hangar 18 '),
(605, 61, ' Take No Prisoners '),
(606, 61, ' Five Magics '),
(607, 61, ' Poison Was the Cure '),
(608, 61, ' Lucretia '),
(609, 61, ' Tornado of Souls '),
(610, 61, ' Dawn Patrol '),
(611, 61, ' Rust in Peace... Polaris '),
(612, 62, ' Skin o\' My Teeth '),
(613, 62, ' Symphony of Destruction '),
(614, 62, ' Architecture of Aggression '),
(615, 62, ' Foreclosure of a Dream '),
(616, 62, ' Sweating Bullets '),
(617, 62, ' This Was My Life '),
(618, 62, ' Countdown to Extinction '),
(619, 62, ' High Speed Dirt '),
(620, 62, ' Psychotron '),
(621, 62, ' Captive Honour '),
(622, 62, ' Ashes in Your Mouth '),
(623, 63, ' Reckoning Day '),
(624, 63, ' Train of Consequences '),
(625, 63, ' Addicted to Chaos '),
(626, 63, ' À tout le monde '),
(627, 63, ' Elysian Fields '),
(628, 63, ' The Killing Road '),
(629, 63, ' Blood of Heroes '),
(630, 63, ' Family Tree '),
(631, 63, ' Youthanasia '),
(632, 63, ' I Thought I Knew It All '),
(633, 63, ' Black Curtains '),
(634, 63, ' Victory '),
(635, 64, ' Trust '),
(636, 64, ' Almost Honest '),
(637, 64, ' Use the Man '),
(638, 64, ' Mastermind '),
(639, 64, ' The Disintegrators '),
(640, 64, ' I\'ll Get Even '),
(641, 64, ' Sin '),
(642, 64, ' A Secret Place '),
(643, 64, ' Have Cool, Will Travel '),
(644, 64, ' She-Wolf '),
(645, 64, ' Vortex '),
(646, 64, ' FFF '),
(647, 65, ' Insomnia '),
(648, 65, ' Prince of Darkness '),
(649, 65, ' Enter the Arena '),
(650, 65, ' Crush \'Em '),
(651, 65, ' Breadline '),
(652, 65, ' The Doctor Is Calling '),
(653, 65, ' I\'ll Be There '),
(654, 65, ' Wanderlust '),
(655, 65, ' Ecstasy '),
(656, 65, ' Seven '),
(657, 65, ' Time: The Beginning '),
(658, 65, ' Time: The End '),
(659, 66, ' Disconnect '),
(660, 66, ' The World Needs a Hero '),
(661, 66, ' Moto Psycho '),
(662, 66, ' 1000 Times Goodbye '),
(663, 66, ' Burning Bridges '),
(664, 66, ' Promises '),
(665, 66, ' Recipe for Hate...Warhorse '),
(666, 66, ' Losing My Senses '),
(667, 66, ' Dread and the Fugitive Mind '),
(668, 66, ' Silent Scorn '),
(669, 66, ' Return to Hangar '),
(670, 66, ' When '),
(671, 67, ' Blackmail the Universe '),
(672, 67, ' Die Dead Enough '),
(673, 67, ' Kick the Chair '),
(674, 67, ' The Scorpion '),
(675, 67, ' Tears in a Vial '),
(676, 67, ' I Know Jack '),
(677, 67, ' Back in the Day '),
(678, 67, ' Something That I\'m Not '),
(679, 67, ' Truth Be Told '),
(680, 67, ' Of Mice and Men '),
(681, 67, ' Shadow of Deth '),
(682, 67, ' My Kingdom '),
(683, 68, ' Sleepwalker '),
(684, 68, ' Washington Is Next! '),
(685, 68, ' Never Walk Alone... A Call to Arms '),
(686, 68, ' United Abominations '),
(687, 68, ' Gears of War '),
(688, 68, ' Blessed Are the Dead '),
(689, 68, ' Play for Blood '),
(690, 68, ' À tout le monde (Set Me Free) '),
(691, 68, ' Amerikhastan '),
(692, 68, ' You\'re Dead '),
(693, 68, ' Burnt Ice '),
(694, 69, ' Dialectic Chaos '),
(695, 69, ' This Day We Fight! '),
(696, 69, ' 44 Minutes '),
(697, 69, ' 1,320\' '),
(698, 69, ' Bite the Hand '),
(699, 69, ' Bodies '),
(700, 69, ' Endgame '),
(701, 69, ' The Hardest Part of Letting Go... Sealed with a Kiss '),
(702, 69, ' Head Crusher '),
(703, 69, ' How the Story Ends '),
(704, 69, ' The Right to Go Insane '),
(705, 70, ' Sudden Death '),
(706, 70, ' Public Enemy No. 1 '),
(707, 70, ' Whose Life (Is It Anyways?) '),
(708, 70, ' We the People '),
(709, 70, ' Guns, Drugs & Money '),
(710, 70, ' Never Dead '),
(711, 70, ' New World Order '),
(712, 70, ' Fast Lane '),
(713, 70, ' Black Swan '),
(714, 70, ' Wrecker '),
(715, 70, ' Millennium of the Blind '),
(716, 70, ' Deadly Nightshade '),
(717, 70, ' 13 '),
(718, 71, ' Kingmaker '),
(719, 71, ' Super Collider '),
(720, 71, ' Burn! '),
(721, 71, ' Built for War '),
(722, 71, ' Off the Edge '),
(723, 71, ' Dance in the Rain '),
(724, 71, ' Beginning of Sorrow '),
(725, 71, ' The Blackest Crow '),
(726, 71, ' Forget to Remember '),
(727, 71, ' Don\'t Turn Your Back... '),
(728, 71, ' Cold Sweat (Thin Lizzy cover) '),
(729, 72, ' The Threat Is Real '),
(730, 72, ' Dystopia '),
(731, 72, ' Fatal Illusion '),
(732, 72, ' Death from Within '),
(733, 72, ' Bullet to the Brain '),
(734, 72, ' Post American World '),
(735, 72, ' Poisonous Shadows '),
(736, 72, ' Conquer or Die! '),
(737, 72, ' Lying in State '),
(738, 72, ' The Emperor '),
(739, 72, ' Foreign Policy (Fear cover) '),
(740, 73, ' Over the Wall '),
(741, 73, ' The Haunting '),
(742, 73, ' Burnt Offerings '),
(743, 73, ' Raging Waters '),
(744, 73, ' C.O.T.L.O.D. '),
(745, 73, ' First Strike Is Deadly '),
(746, 73, ' Do or Die '),
(747, 73, ' Alone in the Dark '),
(748, 73, ' Apocalyptic City '),
(749, 74, ' Eerie Inhabitants '),
(750, 74, ' The New Order '),
(751, 74, ' Trial by Fire '),
(752, 74, ' Into the Pit '),
(753, 74, ' Hypnosis '),
(754, 74, ' Disciples of the Watch '),
(755, 74, ' The Preacher '),
(756, 74, ' Nobody\'s Fault (Aerosmith cover) '),
(757, 74, ' A Day of Reckoning '),
(758, 74, ' Musical Death (A Dirge) '),
(759, 75, ' Practice What You Preach '),
(760, 75, ' Perilous Nation '),
(761, 75, ' Envy Life '),
(762, 75, ' Time Is Coming '),
(763, 75, ' Blessed in Contempt '),
(764, 75, ' Greenhouse Effect '),
(765, 75, ' Sins of Omission '),
(766, 75, ' The Ballad '),
(767, 75, ' Nightmare (Coming Back to You) '),
(768, 75, ' Confusion Fusion '),
(769, 76, ' Beginning of the End '),
(770, 76, ' Face in the Sky '),
(771, 76, ' Falling Fast '),
(772, 76, ' Souls of Black '),
(773, 76, ' Absence of Light '),
(774, 76, ' Love to Hate '),
(775, 76, ' Malpractice '),
(776, 76, ' One Man\'s Fate '),
(777, 76, ' The Legacy '),
(778, 76, ' Seven Days of May '),
(779, 77, ' Signs of Chaos '),
(780, 77, ' Electric Crown '),
(781, 77, ' So Many Lies '),
(782, 77, ' Let Go of My World '),
(783, 77, ' The Ritual '),
(784, 77, ' Deadline '),
(785, 77, ' As the Seasons Grey '),
(786, 77, ' Agony '),
(787, 77, ' The Sermon '),
(788, 77, ' Return to Serenity '),
(789, 77, ' Troubled Dreams '),
(790, 78, ' Low '),
(791, 78, ' Legions (In Hiding) '),
(792, 78, ' Hail Mary '),
(793, 78, ' Trail of Tears '),
(794, 78, ' Shades of War '),
(795, 78, ' P.C. '),
(796, 78, ' Dog Faced Gods '),
(797, 78, ' All I Could Bleed '),
(798, 78, ' Urotsukidōji '),
(799, 78, ' Chasing Fear '),
(800, 78, ' Ride '),
(801, 78, ' Last Call '),
(802, 79, ' Demonic Refusal '),
(803, 79, ' The Burning Times '),
(804, 79, ' Together as One '),
(805, 79, ' Jun-Jun '),
(806, 79, ' John Doe '),
(807, 79, ' Murky Waters '),
(808, 79, ' Hatreds Rise '),
(809, 79, ' Distorted Lives '),
(810, 79, ' New Eyes of Old '),
(811, 79, ' Ten Thousand Thrones '),
(812, 79, ' Nostrovia '),
(813, 80, ' D.N.R. (Do Not Resuscitate) '),
(814, 80, ' Down for Life '),
(815, 80, ' Eyes of Wrath '),
(816, 80, ' True Believer '),
(817, 80, ' 3 Days in Darkness '),
(818, 80, ' Legions of the Dead '),
(819, 80, ' Careful What You Wish For '),
(820, 80, ' Riding the Snake '),
(821, 80, ' Allegiance '),
(822, 80, ' Sewn Shut Eyes '),
(823, 80, ' Fall of Sipledome '),
(824, 81, ' First Strike Is Deadly '),
(825, 81, ' Into the Pit '),
(826, 81, ' Trial by Fire '),
(827, 81, ' Disciples of the Watch '),
(828, 81, ' The Preacher '),
(829, 81, ' Burnt Offerings '),
(830, 81, ' Over the Wall '),
(831, 81, ' The New Order '),
(832, 81, ' The Haunting '),
(833, 81, ' Alone in the Dark '),
(834, 81, ' Reign of Terror '),
(835, 82, ' For the Glory of... '),
(836, 82, ' More than Meets the Eye '),
(837, 82, ' The Evil Has Landed '),
(838, 82, ' The Formation of Damnation '),
(839, 82, ' Dangers of the Faithless '),
(840, 82, ' The Persecuted Won\'t Forget '),
(841, 82, ' Henchmen Ride '),
(842, 82, ' Killing Season '),
(843, 82, ' Afterlife '),
(844, 82, ' F.E.A.R. '),
(845, 82, ' Leave Me Forever '),
(846, 83, ' Rise Up '),
(847, 83, ' Native Blood '),
(848, 83, ' Dark Roots of Earth '),
(849, 83, ' True American Hate '),
(850, 83, ' A Day in the Death '),
(851, 83, ' Cold Embrace '),
(852, 83, ' Man Kills Mankind '),
(853, 83, ' Throne of Thorns '),
(854, 83, ' Last Stand for Independence '),
(855, 84, ' Brotherhood of the Snake '),
(856, 84, ' The Pale King '),
(857, 84, ' Stronghold '),
(858, 84, ' Seven Seals '),
(859, 84, ' Born in a Rut '),
(860, 84, ' Centuries of Suffering '),
(861, 84, ' Black Jack '),
(862, 84, ' Neptune\'s Spear '),
(863, 84, ' Canna-Business '),
(864, 84, ' The Number Game '),
(865, 85, ' Children of the Next Level '),
(866, 85, ' WWII '),
(867, 85, ' Dream Deceiver '),
(868, 85, ' Night of the Witch '),
(869, 85, ' City of Angels '),
(870, 85, ' Ishtars Gate '),
(871, 85, ' Symptoms '),
(872, 85, ' False Prophet '),
(873, 85, ' The Healers '),
(874, 85, ' Code of Hammurabi '),
(875, 85, ' Curse of Osiris '),
(876, 85, ' Catacombs '),
(877, 86, ' Ride My Rocket '),
(878, 86, ' I\'ll Be Alright '),
(879, 86, ' Tell Me If You Want It '),
(880, 86, ' Latest Lover '),
(881, 86, ' Biggest Part of Me '),
(882, 86, ' Metal Magic '),
(883, 86, ' Widowmaker '),
(884, 86, ' Nothin\' On (But the Radio) '),
(885, 86, ' Sad Lover '),
(886, 86, ' Rock Out! '),
(887, 87, ' All Over Tonight '),
(888, 87, ' Out for Blood '),
(889, 87, ' Blue Lite Turnin\' Red '),
(890, 87, ' Like Fire '),
(891, 87, ' In Over My Head '),
(892, 87, ' Projects in the Jungle '),
(893, 87, ' Heavy Metal Rules! '),
(894, 87, ' Only a Heartbeat Away '),
(895, 87, ' Killers '),
(896, 87, ' Takin\' My Life '),
(897, 88, ' Hot and Heavy '),
(898, 88, ' I Am the Night '),
(899, 88, ' Onward We Rock! '),
(900, 88, ' D*G*T*T*M '),
(901, 88, ' Daughters of the Queen '),
(902, 88, ' Down Below '),
(903, 88, ' Come-On Eyes '),
(904, 88, ' Right on the Edge '),
(905, 88, ' Valhalla '),
(906, 88, ' Forever Tonight '),
(907, 89, ' Rock the World '),
(908, 89, ' Power Metal '),
(909, 89, ' We\'ll Meet Again '),
(910, 89, ' Over and Out '),
(911, 89, ' Proud to Be Loud '),
(912, 89, ' Down Below '),
(913, 89, ' Death Trap '),
(914, 89, ' Hard Ride '),
(915, 89, ' Burnnn! '),
(916, 89, ' P•S•T•88 '),
(917, 90, ' Cowboys from Hell '),
(918, 90, ' Primal Concrete Sledge '),
(919, 90, ' Psycho Holiday '),
(920, 90, ' Heresy '),
(921, 90, ' Cemetery Gates '),
(922, 90, ' Domination '),
(923, 90, ' Shattered '),
(924, 90, ' Clash with Reality '),
(925, 90, ' Medicine Man '),
(926, 90, ' Message in Blood '),
(927, 90, ' The Sleep '),
(928, 90, ' The Art of Shredding '),
(929, 91, ' Mouth for War '),
(930, 91, ' A New Level '),
(931, 91, ' Walk '),
(932, 91, ' Fucking Hostile '),
(933, 91, ' This Love '),
(934, 91, ' Rise '),
(935, 91, ' No Good (Attack the Radical) '),
(936, 91, ' Live in a Hole '),
(937, 91, ' Regular People (Conceit) '),
(938, 91, ' By Demons Be Driven '),
(939, 91, ' Hollow '),
(940, 92, ' Strength Beyond Strength '),
(941, 92, ' Becoming '),
(942, 92, ' 5 Minutes Alone '),
(943, 92, ' I\'m Broken '),
(944, 92, ' Good Friends and a Bottle of Pills '),
(945, 92, ' Hard Lines, Sunken Cheeks '),
(946, 92, ' Slaughtered '),
(947, 92, ' 25 Years '),
(948, 92, ' Shedding Skin '),
(949, 92, ' Use My Third Arm '),
(950, 92, ' Throes of Rejection '),
(951, 92, ' Planet Caravan (Black Sabbath cover) '),
(952, 93, ' The Great Southern Trendkill '),
(953, 93, ' War Nerve '),
(954, 93, ' Drag the Waters '),
(955, 93, ' 10\'s '),
(956, 93, ' 13 Steps to Nowhere '),
(957, 93, ' Suicide Note Pt. I '),
(958, 93, ' Suicide Note Pt. II '),
(959, 93, ' Living Through Me (Hell\'s Wrath) '),
(960, 93, ' Floods '),
(961, 93, ' The Underground in America '),
(962, 93, ' (Reprise) Sandblasted Skin '),
(963, 94, ' HellBound '),
(964, 94, ' Goddamn Electric '),
(965, 94, ' Yesterday Don\'t Mean Shit '),
(966, 94, ' You\'ve Got to Belong to It '),
(967, 94, ' Revolution Is My Name '),
(968, 94, ' Death Rattle '),
(969, 94, ' We\'ll Grind That Axe for a Long Time '),
(970, 94, ' Uplift '),
(971, 94, ' It Makes Them Disappear '),
(972, 94, ' I\'ll Cast a Shadow '),
(973, 95, ' Intro '),
(974, 95, ' Morbid Visions '),
(975, 95, ' Mayhem '),
(976, 95, ' Troops of Doom '),
(977, 95, ' War '),
(978, 95, ' Crucifixion '),
(979, 95, ' Show Me the Wrath '),
(980, 95, ' Funeral Rites '),
(981, 95, ' Empire of the Damned '),
(982, 96, ' Intro '),
(983, 96, ' From the Past Comes the Storms '),
(984, 96, ' To the Wall '),
(985, 96, ' Escape to the Void '),
(986, 96, ' Inquisition Symphony '),
(987, 96, ' Screams Behind the Shadows '),
(988, 96, ' Septic Schizo '),
(989, 96, ' The Abyss '),
(990, 96, ' R.I.P. (Rest in Pain) '),
(991, 97, ' Beneath the Remains '),
(992, 97, ' Inner Self '),
(993, 97, ' Stronger than Hate '),
(994, 97, ' Mass Hypnosis '),
(995, 97, ' Sarcastic Existence '),
(996, 97, ' Slaves of Pain '),
(997, 97, ' Lobotomy '),
(998, 97, ' Hungry '),
(999, 97, ' Primitive Future '),
(1000, 98, ' Arise '),
(1001, 98, ' Dead Embryonic Cells '),
(1002, 98, ' Desperate Cry '),
(1003, 98, ' Murder '),
(1004, 98, ' Subtraction '),
(1005, 98, ' Altered State '),
(1006, 98, ' Under Siege (Regnum Irae) '),
(1007, 98, ' Meaningless Movements '),
(1008, 98, ' Infected Voice '),
(1009, 99, ' Refuse/Resist '),
(1010, 99, ' Territory '),
(1011, 99, ' Slave New World '),
(1012, 99, ' Amen '),
(1013, 99, ' Kaiowas '),
(1014, 99, ' Propaganda '),
(1015, 99, ' Biotech Is Godzilla '),
(1016, 99, ' Nomad '),
(1017, 99, ' We Who Are Not as Others '),
(1018, 99, ' Manifest '),
(1019, 99, ' The Hunt (New Model Army cover) '),
(1020, 99, ' Clenched Fist '),
(1021, 100, ' Roots Bloody Roots '),
(1022, 100, ' Attitude '),
(1023, 100, ' Cut-Throat '),
(1024, 100, ' Ratamahatta '),
(1025, 100, ' Breed Apart '),
(1026, 100, ' Straighthate '),
(1027, 100, ' Spit '),
(1028, 100, ' Lookaway '),
(1029, 100, ' Dusted '),
(1030, 100, ' Born Stubborn '),
(1031, 100, ' Jasco '),
(1032, 100, ' Itsári '),
(1033, 100, ' Ambush '),
(1034, 100, ' Endangered Species '),
(1035, 100, ' Dictatorshit '),
(1036, 100, ' Canyon Jam '),
(1037, 101, ' Against '),
(1038, 101, ' Choke '),
(1039, 101, ' Rumors '),
(1040, 101, ' Old Earth '),
(1041, 101, ' Floaters in Mud '),
(1042, 101, ' Boycott '),
(1043, 101, ' Tribus '),
(1044, 101, ' Common Bonds '),
(1045, 101, ' F.O.E. (James L. Bowen cover) '),
(1046, 101, ' Reza '),
(1047, 101, ' Unconscious '),
(1048, 101, ' Kamaitachi '),
(1049, 101, ' Drowned Out '),
(1050, 101, ' Hatred Aside '),
(1051, 101, ' T3RCERMillennium '),
(1052, 102, ' Sepulnation '),
(1053, 102, ' Revolt '),
(1054, 102, ' Border Wars '),
(1055, 102, ' One Man Army '),
(1056, 102, ' Vox Populi '),
(1057, 102, ' The Ways of Faith '),
(1058, 102, ' Uma Cura '),
(1059, 102, ' Who Must Die? '),
(1060, 102, ' Saga '),
(1061, 102, ' Tribe to a Nation '),
(1062, 102, ' Politricks '),
(1063, 102, ' Human Cause '),
(1064, 102, ' Reject '),
(1065, 102, ' Water '),
(1066, 102, ' Valtio '),
(1067, 103, ' Come Back Alive '),
(1068, 103, ' Godless '),
(1069, 103, ' Apes of God '),
(1070, 103, ' More of the Same '),
(1071, 103, ' Urge '),
(1072, 103, ' Corrupted '),
(1073, 103, ' As It Is '),
(1074, 103, ' Mind War '),
(1075, 103, ' Leech '),
(1076, 103, ' The Rift '),
(1077, 103, ' Bottomed Out '),
(1078, 103, ' Activist '),
(1079, 104, ' Lost (Intro) '),
(1080, 104, ' Dark Wood of Error '),
(1081, 104, ' Convicted in Life '),
(1082, 104, ' City of Dis '),
(1083, 104, ' False '),
(1084, 104, ' Fighting On '),
(1085, 104, ' Limbo (Intro) '),
(1086, 104, ' Ostia '),
(1087, 104, ' Buried Words '),
(1088, 104, ' Nuclear Seven '),
(1089, 104, ' Repeating the Horror '),
(1090, 104, ' Eunoé (Intro) '),
(1091, 104, ' Crown and Miter '),
(1092, 104, ' Primium Mobile (Intro) '),
(1093, 104, ' Still Flame '),
(1094, 105, ' A-Lex I '),
(1095, 105, ' Moloko Mesto '),
(1096, 105, ' Filthy Rot '),
(1097, 105, ' We\'ve Lost You! '),
(1098, 105, ' What I Do! '),
(1099, 105, ' A-Lex II '),
(1100, 105, ' The Treatment '),
(1101, 105, ' Metamorphosis '),
(1102, 105, ' Sadistic Values '),
(1103, 105, ' Forceful Behavior '),
(1104, 105, ' Conform '),
(1105, 105, ' A-Lex III '),
(1106, 105, ' The Experiment '),
(1107, 105, ' Strike '),
(1108, 105, ' Enough Said '),
(1109, 105, ' Ludwig Van '),
(1110, 105, ' A-Lex IV '),
(1111, 105, ' Paradox '),
(1112, 106, ' Spectrum '),
(1113, 106, ' Kairos '),
(1114, 106, ' Relentless '),
(1115, 106, ' 2011 '),
(1116, 106, ' Just One Fix (Ministry cover) '),
(1117, 106, ' Dialog '),
(1118, 106, ' Mask '),
(1119, 106, ' 1433 '),
(1120, 106, ' Seethe '),
(1121, 106, ' Born Strong '),
(1122, 106, ' Embrace the Storm '),
(1123, 106, ' 5772 '),
(1124, 106, ' No One Will Stand '),
(1125, 106, ' Structure Violence (Azzes) '),
(1126, 106, ' 4648 '),
(1127, 107, ' Trauma of War '),
(1128, 107, ' The Vatican '),
(1129, 107, ' Impending Doom '),
(1130, 107, ' Manipulation of Tragedy '),
(1131, 107, ' Tsunami '),
(1132, 107, ' The Bliss of Ignorants '),
(1133, 107, ' Grief '),
(1134, 107, ' The Age of the Atheist '),
(1135, 107, ' Obsessed '),
(1136, 107, ' Da Lama ao Caos (Chico Science & Nação Zumbi cover) '),
(1137, 107, ' The Making of \"The Mediator Between Head and Hands Must Be the Heart\" '),
(1138, 108, ' Machine Messiah '),
(1139, 108, ' I Am the Enemy '),
(1140, 108, ' Phantom Self '),
(1141, 108, ' Alethea '),
(1142, 108, ' Iceberg Dances '),
(1143, 108, ' Sworn Oath '),
(1144, 108, ' Resistant Parasites '),
(1145, 108, ' Silent Violence '),
(1146, 108, ' Vandals Nest '),
(1147, 108, ' Cyber God '),
(1148, 109, ' Isolation '),
(1149, 109, ' Means to an End '),
(1150, 109, ' Last Time '),
(1151, 109, ' Capital Enslavement '),
(1152, 109, ' Ali '),
(1153, 109, ' Raging Void '),
(1154, 109, ' Guardians of Earth '),
(1155, 109, ' The Pentagram '),
(1156, 109, ' Autem '),
(1157, 109, ' Quadra '),
(1158, 109, ' Agony of Defeat '),
(1159, 109, ' Fear, Pain, Chaos, Suffering '),
(1160, 110, ' Evil Has No Boundaries '),
(1161, 110, ' The Antichrist '),
(1162, 110, ' Die by the Sword '),
(1163, 110, ' Fight till Death '),
(1164, 110, ' Metal Storm / Face the Slayer '),
(1165, 110, ' Black Magic '),
(1166, 110, ' Tormentor '),
(1167, 110, ' The Final Command '),
(1168, 110, ' Crionics '),
(1169, 110, ' Show No Mercy '),
(1170, 111, ' Hell Awaits '),
(1171, 111, ' Kill Again '),
(1172, 111, ' At Dawn They Sleep '),
(1173, 111, ' Praise of Death '),
(1174, 111, ' Necrophiliac '),
(1175, 111, ' Crypts of Eternity '),
(1176, 111, ' Hardening of the Arteries '),
(1177, 112, ' Angel of Death '),
(1178, 112, ' Piece by Piece '),
(1179, 112, ' Necrophobic '),
(1180, 112, ' Altar of Sacrifice '),
(1181, 112, ' Jesus Saves '),
(1182, 112, ' Criminally Insane '),
(1183, 112, ' Reborn '),
(1184, 112, ' Epidemic '),
(1185, 112, ' Postmortem '),
(1186, 112, ' Raining Blood '),
(1187, 113, ' South of Heaven '),
(1188, 113, ' Silent Scream '),
(1189, 113, ' Live Undead '),
(1190, 113, ' Behind the Crooked Cross '),
(1191, 113, ' Mandatory Suicide '),
(1192, 113, ' Ghosts of War '),
(1193, 113, ' Read Between the Lies '),
(1194, 113, ' Cleanse the Soul '),
(1195, 113, ' Dissident Aggressor (Judas Priest cover) '),
(1196, 113, ' Spill the Blood '),
(1197, 114, ' War Ensemble '),
(1198, 114, ' Blood Red '),
(1199, 114, ' Spirit in Black '),
(1200, 114, ' Expendable Youth '),
(1201, 114, ' Dead Skin Mask '),
(1202, 114, ' Hallowed Point '),
(1203, 114, ' Skeletons of Society '),
(1204, 114, ' Temptation '),
(1205, 114, ' Born of Fire '),
(1206, 114, ' Seasons in the Abyss '),
(1207, 115, ' Killing Fields '),
(1208, 115, ' Sex. Murder. Art. '),
(1209, 115, ' Fictional Reality '),
(1210, 115, ' Dittohead '),
(1211, 115, ' Divine Intervention '),
(1212, 115, ' Circle of Beliefs '),
(1213, 115, ' SS-3 '),
(1214, 115, ' Serenity in Murder '),
(1215, 115, ' 213 '),
(1216, 115, ' Mind Control '),
(1217, 116, ' Disintegration / Free Money (Verbal Abuse cover) '),
(1218, 116, ' Verbal Abuse / Leeches (Verbal Abuse cover) '),
(1219, 116, ' Abolish Government / Superficial Love (T.S.O.L. cover) '),
(1220, 116, ' Can\'t Stand You '),
(1221, 116, ' Ddamm '),
(1222, 116, ' Guilty of Being White (Minor Threat cover) '),
(1223, 116, ' I Hate You (Verbal Abuse cover) '),
(1224, 116, ' Filler / I Don\'t Want to Hear It (Minor Threat cover) '),
(1225, 116, ' Spiritual Law (D.I. cover) '),
(1226, 116, ' Mr. Freeze (Dr. Know cover) '),
(1227, 116, ' Violent Pacification (D.R.I. cover) '),
(1228, 116, ' Richard Hung Himself (D.I. cover) '),
(1229, 116, ' I\'m Gonna Be Your God (The Stooges cover) '),
(1230, 116, ' Gemini '),
(1231, 117, ' Bitter Peace '),
(1232, 117, ' Death\'s Head '),
(1233, 117, ' Stain of Mind '),
(1234, 117, ' Overt Enemy '),
(1235, 117, ' Perversions of Pain '),
(1236, 117, ' Love to Hate '),
(1237, 117, ' Desire '),
(1238, 117, ' In the Name of God '),
(1239, 117, ' Scrum '),
(1240, 117, ' Screaming from the Sky '),
(1241, 117, ' Point '),
(1242, 118, ' Darkness of Christ '),
(1243, 118, ' Disciple '),
(1244, 118, ' God Send Death '),
(1245, 118, ' New Faith '),
(1246, 118, ' Cast Down '),
(1247, 118, ' Threshold '),
(1248, 118, ' Exile '),
(1249, 118, ' Seven Faces '),
(1250, 118, ' Bloodline '),
(1251, 118, ' Deviance '),
(1252, 118, ' War Zone '),
(1253, 118, ' Here Comes the Pain '),
(1254, 118, ' Payback '),
(1255, 119, ' Flesh Storm '),
(1256, 119, ' Catalyst '),
(1257, 119, ' Skeleton Christ '),
(1258, 119, ' Eyes of the Insane '),
(1259, 119, ' Jihad '),
(1260, 119, ' Consfearacy '),
(1261, 119, ' Catatonic '),
(1262, 119, ' Black Serenade '),
(1263, 119, ' Cult '),
(1264, 119, ' Supremist '),
(1265, 120, ' World Painted Blood '),
(1266, 120, ' Unit 731 '),
(1267, 120, ' Snuff '),
(1268, 120, ' Beauty Through Order '),
(1269, 120, ' Hate Worldwide '),
(1270, 120, ' Public Display of Dismemberment '),
(1271, 120, ' Human Strain '),
(1272, 120, ' Americon '),
(1273, 120, ' Psychopathy Red '),
(1274, 120, ' Playing with Dolls '),
(1275, 120, ' Not of This God '),
(1276, 121, ' Delusions of Saviour '),
(1277, 121, ' Repentless '),
(1278, 121, ' Take Control '),
(1279, 121, ' Vices '),
(1280, 121, ' Cast the First Stone '),
(1281, 121, ' When the Stillness Comes '),
(1282, 121, ' Chasing Death '),
(1283, 121, ' Implode '),
(1284, 121, ' Piano Wire '),
(1285, 121, ' Atrocity Vendor '),
(1286, 121, ' You Against You '),
(1287, 121, ' Pride in Prejudice '),
(1288, 122, ' Majesty '),
(1289, 122, ' Guardian of the Blind '),
(1290, 122, ' Trial by the Archon '),
(1291, 122, ' Wizard\'s Crown '),
(1292, 122, ' Run for the Night '),
(1293, 122, ' The Martyr '),
(1294, 122, ' Battalions of Fear '),
(1295, 122, ' By the Gates of Moria '),
(1296, 123, ' Inquisition '),
(1297, 123, ' Banish from Sanctuary '),
(1298, 123, ' Damned for All Time '),
(1299, 123, ' Follow the Blind '),
(1300, 123, ' Hall of the King '),
(1301, 123, ' Fast to Madness '),
(1302, 123, ' Beyond the Ice '),
(1303, 123, ' Valhalla '),
(1304, 123, ' Barbara Ann (The Regents cover) '),
(1305, 124, ' Traveler in Time '),
(1306, 124, ' Welcome to Dying '),
(1307, 124, ' Weird Dreams '),
(1308, 124, ' Lord of the Rings '),
(1309, 124, ' Goodbye My Friend '),
(1310, 124, ' Lost in the Twilight Hall '),
(1311, 124, ' Tommyknockers '),
(1312, 124, ' Altair 4 '),
(1313, 124, ' The Last Candle '),
(1314, 125, ' Time What Is Time '),
(1315, 125, ' Journey Through the Dark '),
(1316, 125, ' Black Chamber '),
(1317, 125, ' Theatre of Pain '),
(1318, 125, ' The Quest for Tanelorn '),
(1319, 125, ' Ashes to Ashes '),
(1320, 125, ' The Bard\'s Song - In the Forest '),
(1321, 125, ' The Bard\'s Song - The Hobbit '),
(1322, 125, ' The Piper\'s Calling '),
(1323, 125, ' Somewhere Far Beyond '),
(1324, 125, ' Spread Your Wings (Queen cover) '),
(1325, 125, ' Trial by Fire (Satan cover) '),
(1326, 125, ' Theatre of Pain (Classic Version) '),
(1327, 126, ' Imaginations from the Other Side '),
(1328, 126, ' I\'m Alive '),
(1329, 126, ' A Past and Future Secret '),
(1330, 126, ' The Script for My Requiem '),
(1331, 126, ' Mordred\'s Song '),
(1332, 126, ' Born in a Mourning Hall '),
(1333, 126, ' Bright Eyes '),
(1334, 126, ' Another Holy War '),
(1335, 126, ' And the Story Ends '),
(1336, 127, ' War of Wrath '),
(1337, 127, ' Into the Storm '),
(1338, 127, ' Lammoth '),
(1339, 127, ' Nightfall '),
(1340, 127, ' The Minstrel '),
(1341, 127, ' The Curse of Feanor '),
(1342, 127, ' Captured '),
(1343, 127, ' Blood Tears '),
(1344, 127, ' Mirror Mirror '),
(1345, 127, ' Face the Truth '),
(1346, 127, ' Noldor (Dead Winter Reigns) '),
(1347, 127, ' Battle of Sudden Flame '),
(1348, 127, ' Time Stands Still (at the Iron Hill) '),
(1349, 127, ' The Dark Elf '),
(1350, 127, ' Thorn '),
(1351, 127, ' The Eldar '),
(1352, 127, ' Nom the Wise '),
(1353, 127, ' When Sorrow Sang '),
(1354, 127, ' Out on the Water '),
(1355, 127, ' The Steadfast '),
(1356, 127, ' A Dark Passage '),
(1357, 127, ' Final Chapter (Thus Ends...) '),
(1358, 128, ' Precious Jerusalem '),
(1359, 128, ' Battlefield '),
(1360, 128, ' Under the Ice '),
(1361, 128, ' Sadly Sings Destiny '),
(1362, 128, ' The Maiden and the Minstrel Knight '),
(1363, 128, ' Wait for an Answer '),
(1364, 128, ' The Soulforged '),
(1365, 128, ' Age of False Innocence '),
(1366, 128, ' Punishment Divine '),
(1367, 128, ' And Then There Was Silence '),
(1368, 129, ' This Will Never End '),
(1369, 129, ' Otherland '),
(1370, 129, ' Turn the Page '),
(1371, 129, ' Fly '),
(1372, 129, ' Carry the Blessed Home '),
(1373, 129, ' Another Stranger Me '),
(1374, 129, ' Straight Through the Mirror '),
(1375, 129, ' Lionheart '),
(1376, 129, ' Skalds and Shadows '),
(1377, 129, ' The Edge '),
(1378, 129, ' The New Order '),
(1379, 130, ' Sacred Worlds '),
(1380, 130, ' Tanelorn (Into the Void) '),
(1381, 130, ' Road of No Release '),
(1382, 130, ' Ride into Obsession '),
(1383, 130, ' Curse My Name '),
(1384, 130, ' Valkyries '),
(1385, 130, ' Control the Divine '),
(1386, 130, ' War of the Thrones '),
(1387, 130, ' A Voice in the Dark '),
(1388, 130, ' Wheel of Time '),
(1389, 131, ' The Ninth Wave '),
(1390, 131, ' Twilight of the Gods '),
(1391, 131, ' Prophecies '),
(1392, 131, ' At the Edge of Time '),
(1393, 131, ' Ashes of Eternity '),
(1394, 131, ' The Holy Grail '),
(1395, 131, ' The Throne '),
(1396, 131, ' Sacred Mind '),
(1397, 131, ' Miracle Machine '),
(1398, 131, ' Grand Parade '),
(1399, 132, ' 1618 Ouverture '),
(1400, 132, ' The Gathering '),
(1401, 132, ' War Feeds War '),
(1402, 132, ' Comets and Prophecies '),
(1403, 132, ' Dark Cloud\'s Rising '),
(1404, 132, ' The Ritual '),
(1405, 132, ' In the Underworld '),
(1406, 132, ' A Secret Society '),
(1407, 132, ' The Great Ordeal '),
(1408, 132, ' Bez '),
(1409, 132, ' In the Red Dwarf\'s Tower '),
(1410, 132, ' Into the Battle '),
(1411, 132, ' Treason '),
(1412, 132, ' Between the Realms '),
(1413, 132, ' Point of No Return '),
(1414, 132, ' The White Horseman '),
(1415, 132, ' Nephilim '),
(1416, 132, ' Trial and Coronation '),
(1417, 132, ' Harvester of Souls '),
(1418, 132, ' Conquest Is Over '),
(1419, 132, ' This Storm '),
(1420, 132, ' The Great Assault '),
(1421, 132, ' Beyond the Wall '),
(1422, 132, ' A New Beginning '),
(1423, 132, ' 1618 Ouverture '),
(1424, 132, ' War Feeds War '),
(1425, 132, ' Dark Cloud\'s Rising '),
(1426, 132, ' In the Underworld '),
(1427, 132, ' The Great Ordeal '),
(1428, 132, ' In the Red Dwarf\'s Tower '),
(1429, 132, ' Treason '),
(1430, 132, ' Point of No Return '),
(1431, 132, ' Nephilim '),
(1432, 132, ' Harvester of Souls '),
(1433, 132, ' Beyond the Wall '),
(1434, 132, ' This Storm '),
(1435, 133, ' Nightfall by the Shore of Time '),
(1436, 133, ' Crimson Winds '),
(1437, 133, ' A Bolt of Blazing Gold '),
(1438, 133, ' In Tears Bereaved '),
(1439, 133, ' Skywards '),
(1440, 133, ' Through Ebony Archways '),
(1441, 133, ' Shadow Duet '),
(1442, 133, ' My Faeryland Forgotten '),
(1443, 133, ' Alone '),
(1444, 134, ' Punish My Heaven '),
(1445, 134, ' Silence, and the Firmament Withdrew '),
(1446, 134, ' Edenspring '),
(1447, 134, ' The Dividing Line '),
(1448, 134, ' The Gallery '),
(1449, 134, ' The One Brooding Warning '),
(1450, 134, ' Midway Through Infinity '),
(1451, 134, ' Lethe '),
(1452, 134, ' The Emptiness from Which I Fed '),
(1453, 134, ' Mine Is the Grandeur... '),
(1454, 134, ' ...of Melancholy Burning '),
(1455, 135, ' Dreamlore Degenerate '),
(1456, 135, ' Zodijackyl Light '),
(1457, 135, ' Hedon '),
(1458, 135, ' Scythe, Rage and Roses '),
(1459, 135, ' Constant '),
(1460, 135, ' Dissolution Factor Red '),
(1461, 135, ' Insanity\'s Crescendo '),
(1462, 135, ' Still Moving Sinews '),
(1463, 135, ' Atom Heart 243.5 '),
(1464, 135, ' Tidal Tantrum '),
(1465, 135, ' Tongues '),
(1466, 135, ' The Mind\'s Eye '),
(1467, 136, ' FreeCard '),
(1468, 136, ' ThereIn '),
(1469, 136, ' UnDo Control '),
(1470, 136, ' Auctioned '),
(1471, 136, ' To a Bitter Halt '),
(1472, 136, ' The Sun Fired Blanks '),
(1473, 136, ' Nether Novas '),
(1474, 136, ' Day to End '),
(1475, 136, ' Dobermann '),
(1476, 136, ' On Your Time '),
(1477, 137, ' The Wonders at Your Feet '),
(1478, 137, ' Not Built to Last '),
(1479, 137, ' Indifferent Suns '),
(1480, 137, ' Feast of Burden '),
(1481, 137, ' Haven '),
(1482, 137, ' The Same '),
(1483, 137, ' Fabric '),
(1484, 137, ' Ego Drama '),
(1485, 137, ' Rundown '),
(1486, 137, ' Emptier Still '),
(1487, 137, ' At Loss for Words '),
(1488, 138, ' Final Resistance '),
(1489, 138, ' Hours Passed in Exile '),
(1490, 138, ' Monochromatic Stains '),
(1491, 138, ' Single Part of Two '),
(1492, 138, ' The Treason Wall '),
(1493, 138, ' Format C: For Cortex '),
(1494, 138, ' Damage Done '),
(1495, 138, ' Cathode Ray Sunshine '),
(1496, 138, ' The Enemy '),
(1497, 138, ' White Noise / Black Silence '),
(1498, 138, ' Ex Nihilo '),
(1499, 139, ' The New Build '),
(1500, 139, ' Through Smudged Lenses '),
(1501, 139, ' Out of Nothing '),
(1502, 139, ' The Endless Feed '),
(1503, 139, ' Lost to Apathy '),
(1504, 139, ' Mind Matters '),
(1505, 139, ' One Thought '),
(1506, 139, ' Dry Run '),
(1507, 139, ' Am I 1? '),
(1508, 139, ' Senses Tied '),
(1509, 139, ' My Negation '),
(1510, 140, ' Nothing to No One '),
(1511, 140, ' The Lesser Faith '),
(1512, 140, ' Terminus (Where Death Is Most Alive) '),
(1513, 140, ' Blind at Heart '),
(1514, 140, ' Icipher '),
(1515, 140, ' Inside the Particle Storm '),
(1516, 140, ' Empty Me '),
(1517, 140, ' Misery\'s Crown '),
(1518, 140, ' Focus Shift '),
(1519, 140, ' The Mundane and the Magic '),
(1520, 141, ' Shadow in Our Blood '),
(1521, 141, ' Dream Oblivion '),
(1522, 141, ' The Fatalist '),
(1523, 141, ' In My Absence '),
(1524, 141, ' The Grandest Accusation '),
(1525, 141, ' At the Point of Ignition '),
(1526, 141, ' Her Silent Language '),
(1527, 141, ' Arkhangelsk '),
(1528, 141, ' I Am the Void '),
(1529, 141, ' Surface the Infinite '),
(1530, 141, ' Iridium '),
(1531, 142, ' For Broken Words '),
(1532, 142, ' The Science of Noise '),
(1533, 142, ' Uniformity '),
(1534, 142, ' The Silence in Between '),
(1535, 142, ' Apathetic '),
(1536, 142, ' What Only You Know '),
(1537, 142, ' Endtime Hearts '),
(1538, 142, ' State of Trust '),
(1539, 142, ' Weight of the End '),
(1540, 142, ' None Becoming '),
(1541, 143, ' Encircled '),
(1542, 143, ' Atoma '),
(1543, 143, ' Forward Momentum '),
(1544, 143, ' Neutrality '),
(1545, 143, ' Force of Hand '),
(1546, 143, ' Faithless by Default '),
(1547, 143, ' The Pitiless '),
(1548, 143, ' Our Proof of Life '),
(1549, 143, ' Clearing Skies '),
(1550, 143, ' When the World Screams '),
(1551, 143, ' Merciless Fate '),
(1552, 143, ' Caves and Embers '),
(1553, 144, ' Behind Space '),
(1554, 144, ' Lunar Strain '),
(1555, 144, ' Starforsaken '),
(1556, 144, ' Dreamscape '),
(1557, 144, ' Everlost (Part I) '),
(1558, 144, ' Everlost (Part II) '),
(1559, 144, ' Hårgalåten '),
(1560, 144, ' In Flames '),
(1561, 144, ' Upon an Oaken Throne '),
(1562, 144, ' Clad in Shadows '),
(1563, 145, ' Moonshield '),
(1564, 145, ' The Jester\'s Dance '),
(1565, 145, ' Artifacts of the Black Rain '),
(1566, 145, ' Graveland '),
(1567, 145, ' Lord Hypnos '),
(1568, 145, ' Dead Eternity '),
(1569, 145, ' The Jester Race '),
(1570, 145, ' December Flower '),
(1571, 145, ' Wayfaerer '),
(1572, 145, ' Dead God in Me '),
(1573, 146, ' Jotun '),
(1574, 146, ' Food for the Gods '),
(1575, 146, ' Gyroscope '),
(1576, 146, ' Dialogue with the Stars '),
(1577, 146, ' The Hive '),
(1578, 146, ' Jester Script Transfigured '),
(1579, 146, ' Morphing into Primal '),
(1580, 146, ' Worlds Within the Margin '),
(1581, 146, ' Episode 666 '),
(1582, 146, ' Everything Counts (Depeche Mode cover) '),
(1583, 146, ' Whoracle '),
(1584, 147, ' Embody the Invisible '),
(1585, 147, ' Ordinary Story '),
(1586, 147, ' Scorn '),
(1587, 147, ' Colony '),
(1588, 147, ' Zombie Inc. '),
(1589, 147, ' Pallar Anders visa '),
(1590, 147, ' Coerced Coexistence '),
(1591, 147, ' Resin '),
(1592, 147, ' Behind Space \'99 '),
(1593, 147, ' Insipid 2000 '),
(1594, 147, ' The New Word '),
(1595, 148, ' Bullet Ride '),
(1596, 148, ' Pinball Map '),
(1597, 148, ' Only for the Weak '),
(1598, 148, ' ...as the Future Repeats Today '),
(1599, 148, ' Square Nothing '),
(1600, 148, ' Clayman '),
(1601, 148, ' Satellites and Astronauts '),
(1602, 148, ' Brush the Dust Away '),
(1603, 148, ' Swim '),
(1604, 148, ' Suburban Me '),
(1605, 148, ' Another Day in Quicksand '),
(1606, 149, ' Reroute to Remain '),
(1607, 149, ' System '),
(1608, 149, ' Drifter '),
(1609, 149, ' Trigger '),
(1610, 149, ' Cloud Connected '),
(1611, 149, ' Transparent ');
INSERT INTO `songs` (`id`, `album_id`, `title`) VALUES
(1612, 149, ' Dawn of a New Day '),
(1613, 149, ' Egonomic '),
(1614, 149, ' Minus '),
(1615, 149, ' Dismiss the Cynics '),
(1616, 149, ' Free Fall '),
(1617, 149, ' Dark Signs '),
(1618, 149, ' Metaphor '),
(1619, 149, ' Black & White '),
(1620, 150, ' F(r)iend '),
(1621, 150, ' The Quiet Place '),
(1622, 150, ' Dead Alone '),
(1623, 150, ' Touch of Red '),
(1624, 150, ' Like You Better Dead '),
(1625, 150, ' My Sweet Shadow '),
(1626, 150, ' Evil in a Closet '),
(1627, 150, ' In Search for I '),
(1628, 150, ' Borders and Shading '),
(1629, 150, ' Superhero of the Computer Rage '),
(1630, 150, ' Dial 595-Escape '),
(1631, 150, ' Bottled '),
(1632, 151, ' Take This Life '),
(1633, 151, ' Leeches '),
(1634, 151, ' Reflect the Storm '),
(1635, 151, ' Dead End '),
(1636, 151, ' Scream '),
(1637, 151, ' Come Clarity '),
(1638, 151, ' Vacuum '),
(1639, 151, ' Pacing Death\'s Trail '),
(1640, 151, ' Crawl Through Knives '),
(1641, 151, ' Versus Terminus '),
(1642, 151, ' Our Infinite Struggle '),
(1643, 151, ' Vanishing Light '),
(1644, 151, ' Your Bedtime Story Is Scaring Everyone '),
(1645, 152, ' The Mirror\'s Truth '),
(1646, 152, ' Disconnected '),
(1647, 152, ' Sleepless Again '),
(1648, 152, ' Alias '),
(1649, 152, ' I\'m the Highway '),
(1650, 152, ' Delight and Angers '),
(1651, 152, ' Move Through Me '),
(1652, 152, ' The Chosen Pessimist '),
(1653, 152, ' Sober and Irrelevant '),
(1654, 152, ' Condemned '),
(1655, 152, ' Drenched in Fear '),
(1656, 152, ' March to the Shore '),
(1657, 153, ' Sounds of a Playground Fading '),
(1658, 153, ' Deliver Us '),
(1659, 153, ' All for Me '),
(1660, 153, ' The Puzzle '),
(1661, 153, ' Fear Is the Weakness '),
(1662, 153, ' Where the Dead Ships Dwell '),
(1663, 153, ' The Attic '),
(1664, 153, ' Darker Times '),
(1665, 153, ' Ropes '),
(1666, 153, ' Enter Tragedy '),
(1667, 153, ' Jester\'s Door '),
(1668, 153, ' A New Dawn '),
(1669, 153, ' Liberation '),
(1670, 154, ' In Plain View '),
(1671, 154, ' Everything\'s Gone '),
(1672, 154, ' Paralyzed '),
(1673, 154, ' Through Oblivion '),
(1674, 154, ' With Eyes Wide Open '),
(1675, 154, ' Siren Charms '),
(1676, 154, ' When the World Explodes '),
(1677, 154, ' Rusted Nail '),
(1678, 154, ' Dead Eyes '),
(1679, 154, ' Monsters in the Ballroom '),
(1680, 154, ' Filtered Truth '),
(1681, 155, ' Drained '),
(1682, 155, ' The End '),
(1683, 155, ' Like Sand '),
(1684, 155, ' The Truth '),
(1685, 155, ' In My Room '),
(1686, 155, ' Before I Fall '),
(1687, 155, ' Through My Eyes '),
(1688, 155, ' Battles '),
(1689, 155, ' Here Until Forever '),
(1690, 155, ' Underneath My Skin '),
(1691, 155, ' Wallflower '),
(1692, 155, ' Save Me '),
(1693, 155, ' Greatest Greed '),
(1694, 155, ' Us Against the World '),
(1695, 156, ' Voices '),
(1696, 156, ' I, the Mask '),
(1697, 156, ' Call My Name '),
(1698, 156, ' I Am Above '),
(1699, 156, ' Follow Me '),
(1700, 156, ' (This Is Our) House '),
(1701, 156, ' We Will Remember '),
(1702, 156, ' In This Life '),
(1703, 156, ' Burn '),
(1704, 156, ' Deep Inside '),
(1705, 156, ' All the Pain '),
(1706, 156, ' Stay with Me '),
(1707, 157, ' Det nye riket '),
(1708, 157, ' Under korpens vinger '),
(1709, 157, ' Over bleknede blåner til dommedag '),
(1710, 157, ' Stien '),
(1711, 157, ' Glittertind '),
(1712, 157, ' For all tid '),
(1713, 157, ' Hunnerkongens sorgsvarte ferd over steppene '),
(1714, 157, ' Raabjørn speiler draugheimens skodde '),
(1715, 157, ' Den gjemte sannhets hersker '),
(1716, 158, ' Alt lys er svunnet hen '),
(1717, 158, ' Broderskapets ring '),
(1718, 158, ' Når sjelen hentes til helvete '),
(1719, 158, ' Sorgens kammer '),
(1720, 158, ' Da den kristne satte livet til '),
(1721, 158, ' Stormblåst '),
(1722, 158, ' Dødsferd '),
(1723, 158, ' Antikrist '),
(1724, 158, ' Vinder fra en ensom grav '),
(1725, 158, ' Guds fortapelse - åpenbaring av dommedag '),
(1726, 159, ' Mourning Palace '),
(1727, 159, ' Spellbound (By the Devil) '),
(1728, 159, ' In Death\'s Embrace '),
(1729, 159, ' Relinquishment of Spirit and Flesh '),
(1730, 159, ' The Night Masquerade '),
(1731, 159, ' Tormentor of Christian Souls '),
(1732, 159, ' Entrance '),
(1733, 159, ' Master of Disharmony '),
(1734, 159, ' Prudence\'s Fall '),
(1735, 159, ' A Succubus in Rapture '),
(1736, 160, ' Reptile '),
(1737, 160, ' Behind the Curtains of Night-Phantasmagoria '),
(1738, 160, ' Dreamside Dominions '),
(1739, 160, ' United in Unhallowed Grace '),
(1740, 160, ' The Promised Future Aeons '),
(1741, 160, ' The Blazing Monoliths of Defiance '),
(1742, 160, ' The Insight and the Catharsis '),
(1743, 160, ' Grotesquery Conceiled (Within Measureless Magic) '),
(1744, 160, ' Arcane Lifeforce Mysteria '),
(1745, 161, ' Fear and Wonder '),
(1746, 161, ' Blessings upon the Throne of Tyranny '),
(1747, 161, ' Kings of the Carnival Creation '),
(1748, 161, ' Hybrid Stigmata - The Apostasy '),
(1749, 161, ' Architecture of a Genocidal Nature '),
(1750, 161, ' Puritania '),
(1751, 161, ' IndoctriNation '),
(1752, 161, ' The Maelstrom Mephisto '),
(1753, 161, ' Absolute Sole Right '),
(1754, 161, ' Sympozium '),
(1755, 161, ' Perfection or Vanity '),
(1756, 162, ' Allegiance '),
(1757, 162, ' Progenies of the Great Apocalypse '),
(1758, 162, ' Lepers Among Us '),
(1759, 162, ' Vredesbyrd '),
(1760, 162, ' For the World to Dictate Our Death '),
(1761, 162, ' Blood Hunger Doctrine '),
(1762, 162, ' Allehelgens død i Helveds rike '),
(1763, 162, ' Cataclysm Children '),
(1764, 162, ' Eradication Instincts Defined '),
(1765, 162, ' Unorthodox Manifesto '),
(1766, 162, ' Heavenly Perverse '),
(1767, 163, ' Alt lys er svunnet hen '),
(1768, 163, ' Broderskapets ring '),
(1769, 163, ' Når sjelen hentes til helvete '),
(1770, 163, ' Sorgens kammer - del II '),
(1771, 163, ' Da den kristne satte livet til '),
(1772, 163, ' Stormblåst '),
(1773, 163, ' Dødsferd '),
(1774, 163, ' Antikrist '),
(1775, 163, ' Vinder fra en ensom grav '),
(1776, 163, ' Guds fortapelse - åpenbaring av dommedag '),
(1777, 163, ' Avmaktslave '),
(1778, 163, ' Spellbound (By the Devil) '),
(1779, 163, ' Vredesbyrd '),
(1780, 163, ' Kings of the Carnival Creation '),
(1781, 163, ' Progenies of the Great Apocalypse '),
(1782, 163, ' Mourning Palace '),
(1783, 164, ' The Serpentine Offering '),
(1784, 164, ' The Chosen Legacy '),
(1785, 164, ' The Conspiracy Unfolds '),
(1786, 164, '  The Sacrilegious Scorn '),
(1787, 164, ' The Fallen Arises '),
(1788, 164, ' The Sinister Awakening '),
(1789, 164, ' The Fundamental Alienation '),
(1790, 164, ' The Invaluable Darkness '),
(1791, 164, ' The Foreshadowing Furnace '),
(1792, 165, ' Xibir '),
(1793, 165, ' Born Treacherous '),
(1794, 165, ' Gateways '),
(1795, 165, ' Chess with the Abyss '),
(1796, 165, ' Dimmu Borgir '),
(1797, 165, ' Ritualist '),
(1798, 165, ' The Demiurge Molecule '),
(1799, 165, ' A Jewel Traced Through Coal '),
(1800, 165, ' Renewal '),
(1801, 165, ' Endings and Continuations '),
(1802, 166, ' The Unveiling '),
(1803, 166, ' Interdimensional Summit '),
(1804, 166, ' Ætheric '),
(1805, 166, ' Council of Wolves and Snakes '),
(1806, 166, ' The Empyrean Phoenix '),
(1807, 166, ' Lightbringer '),
(1808, 166, ' I Am Sovereign '),
(1809, 166, ' Archaic Correspondence '),
(1810, 166, ' Alpha Aeon Omega '),
(1811, 166, ' Rite of Passage '),
(1812, 167, ' Crystal Ann '),
(1813, 167, ' Alison Hell '),
(1814, 167, ' W.T.Y.D. '),
(1815, 167, ' Wicked Mystic '),
(1816, 167, ' Burns like a Buzzsaw Blade '),
(1817, 167, ' Word Salad '),
(1818, 167, ' Schizos (Are Never Alone) Parts I & II '),
(1819, 167, ' Ligeia '),
(1820, 167, ' Human Insecticide '),
(1821, 168, ' The Fun Palace '),
(1822, 168, ' Road to Ruin '),
(1823, 168, ' Sixes and Sevens '),
(1824, 168, ' Stonewall '),
(1825, 168, ' Never, Neverland '),
(1826, 168, ' Imperiled Eyes '),
(1827, 168, ' Kraf Dinner '),
(1828, 168, ' Phantasmagoria '),
(1829, 168, ' Reduced to Ash '),
(1830, 168, ' I Am in Command '),
(1831, 169, ' Set the World on Fire '),
(1832, 169, ' No Zone '),
(1833, 169, ' Bats in the Belfry '),
(1834, 169, ' Snake in the Grass '),
(1835, 169, ' Phoenix Rising '),
(1836, 169, ' Knight Jumps Queen '),
(1837, 169, ' Sounds Good to Me '),
(1838, 169, ' The Edge '),
(1839, 169, ' Don\'t Bother Me '),
(1840, 169, ' Brain Dance '),
(1841, 170, ' The Box '),
(1842, 170, ' King of the Kill '),
(1843, 170, ' Hell Is a War '),
(1844, 170, ' Bliss '),
(1845, 170, ' Second to None '),
(1846, 170, ' Annihilator '),
(1847, 170, ' 21 '),
(1848, 170, ' In the Blood '),
(1849, 170, ' Fiasco (The Slate) '),
(1850, 170, ' Fiasco '),
(1851, 170, ' Catch the Wind '),
(1852, 170, ' Speed '),
(1853, 170, ' Bad Child '),
(1854, 171, ' Refresh the Demon '),
(1855, 171, ' Syn. Kill 1 '),
(1856, 171, ' Awaken '),
(1857, 171, ' The Pastor of Disaster '),
(1858, 171, ' A Man Called Nothing '),
(1859, 171, ' Ultraparanoia '),
(1860, 171, ' City of Ice '),
(1861, 171, ' Anything for Money '),
(1862, 171, ' Hunger '),
(1863, 171, ' Voices and Victims '),
(1864, 171, ' Innocent Eyes '),
(1865, 172, ' Murder '),
(1866, 172, ' Sexecution '),
(1867, 172, ' No Love '),
(1868, 172, ' Never '),
(1869, 172, ' Human Remains '),
(1870, 172, ' Dead Wrong '),
(1871, 172, ' Wind '),
(1872, 172, ' Tricks and Traps '),
(1873, 172, ' I Want '),
(1874, 172, ' Reaction '),
(1875, 172, ' Bastiage '),
(1876, 173, ' Bloodbath '),
(1877, 173, ' Back to the Palace '),
(1878, 173, ' Punctured '),
(1879, 173, ' Criteria for a Black Widow '),
(1880, 173, ' Schizos (Are Never Alone) Part III '),
(1881, 173, ' Nothing Left '),
(1882, 173, ' Loving the Sinner '),
(1883, 173, ' Double Dare '),
(1884, 173, ' Sonic Homicide '),
(1885, 173, ' Mending '),
(1886, 174, ' Denied '),
(1887, 174, ' The Perfect Virus '),
(1888, 174, ' Battered '),
(1889, 174, ' Carnival Diablos '),
(1890, 174, ' Shallow Grave '),
(1891, 174, ' Time Bomb '),
(1892, 174, ' The Rush '),
(1893, 174, ' Insomniac '),
(1894, 174, ' Liquid Oval '),
(1895, 174, ' Epic of War '),
(1896, 174, ' Hunter Killer '),
(1897, 175, ' Ultra-Motion '),
(1898, 175, ' Torn '),
(1899, 175, ' My Precious Lunatic Asylum '),
(1900, 175, ' Striker '),
(1901, 175, ' Ritual '),
(1902, 175, ' Prime-Time Killing '),
(1903, 175, ' The Blackest Day '),
(1904, 175, ' Nothing to Me '),
(1905, 175, ' Fire Power '),
(1906, 175, ' Cold Blooded '),
(1907, 175, ' Shallow Grave (live) '),
(1908, 175, ' Nothing to Me (radio edit) '),
(1909, 176, ' All for You '),
(1910, 176, ' Dr. Psycho '),
(1911, 176, ' Demon Dance '),
(1912, 176, ' The One '),
(1913, 176, ' Bled '),
(1914, 176, ' Both of Me '),
(1915, 176, ' Rage Absolute '),
(1916, 176, ' Holding On '),
(1917, 176, ' The Nightmare Factory '),
(1918, 176, ' The Sound of Horror '),
(1919, 177, ' Maximum Satan '),
(1920, 177, ' Drive '),
(1921, 177, ' Warbird '),
(1922, 177, ' Plasma Zombies '),
(1923, 177, ' Invite It '),
(1924, 177, ' Like Father, Like Gun '),
(1925, 177, ' Pride '),
(1926, 177, ' Too Far Gone '),
(1927, 177, ' Clare '),
(1928, 177, ' Something Witchy '),
(1929, 177, ' Weapon X '),
(1930, 178, ' Clown Parade '),
(1931, 178, ' Couple Suicide '),
(1932, 178, ' Army of One '),
(1933, 178, ' Downright Dominate '),
(1934, 178, ' Smothered '),
(1935, 178, ' Operation Annihilation '),
(1936, 178, ' Haunted '),
(1937, 178, ' Kicked '),
(1938, 178, ' Detonation '),
(1939, 178, ' Chasing the High '),
(1940, 179, ' The Trend '),
(1941, 179, ' Coward '),
(1942, 179, ' Ambush '),
(1943, 179, ' Betrayed '),
(1944, 179, ' 25 Seconds '),
(1945, 179, ' Nowhere to Go '),
(1946, 179, ' The Other Side '),
(1947, 179, ' Death in Your Eyes '),
(1948, 179, ' Payback '),
(1949, 179, ' Romeo Delight (Van Halen cover) '),
(1950, 180, ' Deadlock '),
(1951, 180, ' No Way Out '),
(1952, 180, ' Smear Campaign '),
(1953, 180, ' No Surrender '),
(1954, 180, ' Wrapped '),
(1955, 180, ' Perfect Angel Eyes '),
(1956, 180, ' Demon Code '),
(1957, 180, ' Fight the World '),
(1958, 180, ' One Falls, Two Rise '),
(1959, 181, ' Suicide Society '),
(1960, 181, ' My Revenge '),
(1961, 181, ' Snap '),
(1962, 181, ' Creepin\' Again (Parasomnia) '),
(1963, 181, ' Narcotic Avenue '),
(1964, 181, ' The One You Serve '),
(1965, 181, ' Break, Enter '),
(1966, 181, ' Death Scent '),
(1967, 181, ' Every Minute '),
(1968, 182, ' Twisted Lobotomy '),
(1969, 182, ' One to Kill '),
(1970, 182, ' For the Demented '),
(1971, 182, ' Pieces of You '),
(1972, 182, ' The Demon You Know '),
(1973, 182, ' Phantom Asylum '),
(1974, 182, ' Altering the Altar '),
(1975, 182, ' The Way '),
(1976, 182, ' Dark '),
(1977, 182, ' Not All There '),
(1978, 183, ' Armed to the Teeth '),
(1979, 183, ' The Attitude '),
(1980, 183, ' Psycho Ward '),
(1981, 183, ' I Am Warfare '),
(1982, 183, ' Out with the Garbage '),
(1983, 183, ' Dressed Up for Evil '),
(1984, 183, ' Riot '),
(1985, 183, ' One Wrong Move '),
(1986, 183, ' Lip Service '),
(1987, 183, ' The End of the Lie '),
(1988, 184, ' Endless Pain '),
(1989, 184, ' Total Death '),
(1990, 184, ' Storm of the Beast '),
(1991, 184, ' Tormentor '),
(1992, 184, ' Son of Evil '),
(1993, 184, ' Flag of Hate '),
(1994, 184, ' Cry War '),
(1995, 184, ' Bonebreaker '),
(1996, 184, ' Living in Fear '),
(1997, 184, ' Dying Victims '),
(1998, 185, ' Choir of the Damned '),
(1999, 185, ' Ripping Corpse '),
(2000, 185, ' Death Is Your Saviour '),
(2001, 185, ' Pleasure to Kill '),
(2002, 185, ' Riot of Violence '),
(2003, 185, ' The Pestilence '),
(2004, 185, ' Carrion '),
(2005, 185, ' Command of the Blade '),
(2006, 185, ' Under the Guillotine '),
(2007, 186, ' Blind Faith '),
(2008, 186, ' Storming with Menace '),
(2009, 186, ' Terrible Certainty '),
(2010, 186, ' As the World Burns '),
(2011, 186, ' Toxic Trace '),
(2012, 186, ' No Escape '),
(2013, 186, ' One of Us '),
(2014, 186, ' Behind the Mirror '),
(2015, 187, ' Extreme Aggressions '),
(2016, 187, ' No Reason to Exist '),
(2017, 187, ' Love Us or Hate Us '),
(2018, 187, ' Stream of Consciousness '),
(2019, 187, ' Some Pain Will Last '),
(2020, 187, ' Betrayer '),
(2021, 187, ' Don\'t Trust '),
(2022, 187, ' Bringer of Torture '),
(2023, 187, ' Fatal Energy '),
(2024, 188, ' When the Sun Burns Red '),
(2025, 188, ' Coma of Souls '),
(2026, 188, ' People of the Lie '),
(2027, 188, ' World Beyond '),
(2028, 188, ' Terror Zone '),
(2029, 188, ' Agents of Brutality '),
(2030, 188, ' Material World Paranoia '),
(2031, 188, ' Twisted Urges '),
(2032, 188, ' Hidden Dictator '),
(2033, 188, ' Mental Slavery '),
(2034, 189, ' Winter Martyrium '),
(2035, 189, ' Renewal '),
(2036, 189, ' Reflection '),
(2037, 189, ' Brainseed '),
(2038, 189, ' Karmic Wheel '),
(2039, 189, ' Realitätskontrolle '),
(2040, 189, ' Zero to None '),
(2041, 189, ' Europe After the Rain '),
(2042, 189, ' Depression Unrest '),
(2043, 190, ' Prevail '),
(2044, 190, ' Catholic Despot '),
(2045, 190, ' Progressive Proletarians '),
(2046, 190, ' Crisis of Disorder '),
(2047, 190, ' Hate Inside Your Head '),
(2048, 190, ' Bomb Threat '),
(2049, 190, ' Men Without God '),
(2050, 190, ' Lost '),
(2051, 190, ' Dogmatic Authority '),
(2052, 190, ' Sculpture of Regret '),
(2053, 190, ' Celestial Deliverance '),
(2054, 190, ' Isolation '),
(2055, 191, ' Leave This World Behind '),
(2056, 191, ' Phobia '),
(2057, 191, ' Forever '),
(2058, 191, ' Black Sunrise '),
(2059, 191, ' Nonconformist '),
(2060, 191, ' Enemy Unseen '),
(2061, 191, ' Outcast '),
(2062, 191, ' Stronger than Before '),
(2063, 191, ' Ruin of Life '),
(2064, 191, ' Whatever It May Take '),
(2065, 191, ' Alive Again '),
(2066, 191, ' Against the Rest '),
(2067, 191, ' A Better Tomorrow '),
(2068, 192, ' Golden Age '),
(2069, 192, ' Endorama '),
(2070, 192, ' Shadowland '),
(2071, 192, ' Chosen Few '),
(2072, 192, ' Everlasting Flame '),
(2073, 192, ' Passage to Babylon '),
(2074, 192, ' Future King '),
(2075, 192, ' Entry '),
(2076, 192, ' Soul Eraser '),
(2077, 192, ' Willing Spirit '),
(2078, 192, ' Pandemonium '),
(2079, 192, ' Tyranny '),
(2080, 193, ' Reconquering the Throne '),
(2081, 193, ' The Patriarch '),
(2082, 193, ' Violent Revolution '),
(2083, 193, ' All of the Same Blood '),
(2084, 193, ' Servant in Heaven - King in Hell '),
(2085, 193, ' Second Awakening '),
(2086, 193, ' Ghetto War '),
(2087, 193, ' Replicas of Life '),
(2088, 193, ' Slave Machinery '),
(2089, 193, ' Bitter Sweet Revenge '),
(2090, 193, ' Mind on Fire '),
(2091, 193, ' System Decay '),
(2092, 194, ' Enemy of God '),
(2093, 194, ' Impossible Brutality '),
(2094, 194, ' Suicide Terrorist '),
(2095, 194, ' World Anarchy '),
(2096, 194, ' Dystopia '),
(2097, 194, ' Voices of the Dead '),
(2098, 194, ' Murder Fantasies '),
(2099, 194, ' When Death Takes Its Dominion '),
(2100, 194, ' One Evil Comes (A Million Follow) '),
(2101, 194, ' Dying Race Apocalypse '),
(2102, 194, ' Under a Total Blackened Sky '),
(2103, 194, ' The Ancient Plague '),
(2104, 195, ' Hordes of Chaos (A Necrologue for the Elite) '),
(2105, 195, ' War Curse '),
(2106, 195, ' Escalation '),
(2107, 195, ' Amok Run '),
(2108, 195, ' Destroy What Destroys You '),
(2109, 195, ' Radical Resistance '),
(2110, 195, ' Absolute Misanthropy '),
(2111, 195, ' To the Afterborn '),
(2112, 195, ' Corpses of Liberty '),
(2113, 195, ' Demon Prince '),
(2114, 196, ' Mars Mantra '),
(2115, 196, ' Phantom Antichrist '),
(2116, 196, ' Death to the World '),
(2117, 196, ' From Flood into Fire '),
(2118, 196, ' Civilization Collapse '),
(2119, 196, ' United in Hate '),
(2120, 196, ' The Few, the Proud, the Broken '),
(2121, 196, ' Your Heaven, My Hell '),
(2122, 196, ' Victory Will Come '),
(2123, 196, ' Until Our Paths Cross Again '),
(2124, 197, ' Apocalypticon '),
(2125, 197, ' World War Now '),
(2126, 197, ' Satan Is Real '),
(2127, 197, ' Totalitarian Terror '),
(2128, 197, ' Gods of Violence '),
(2129, 197, ' Army of Storms '),
(2130, 197, ' Hail to the Hordes '),
(2131, 197, ' Lion with Eagle Wings '),
(2132, 197, ' Fallen Brother '),
(2133, 197, ' Side by Side '),
(2134, 197, ' Death Becomes My Light '),
(2135, 198, ' Deathrider '),
(2136, 198, ' Metal Thrashing Mad '),
(2137, 198, ' I\'m Eighteen (Alice Cooper cover) '),
(2138, 198, ' Panic '),
(2139, 198, ' Subjugator '),
(2140, 198, ' Soldiers of Metal '),
(2141, 198, ' Death from Above '),
(2142, 198, ' Anthrax '),
(2143, 198, ' Across the River '),
(2144, 198, ' Howling Furies '),
(2145, 199, ' A.I.R. '),
(2146, 199, ' Lone Justice '),
(2147, 199, ' Madhouse '),
(2148, 199, ' S.S.C. / Stand or Fall '),
(2149, 199, ' The Enemy '),
(2150, 199, ' Aftershock '),
(2151, 199, ' Armed and Dangerous '),
(2152, 199, ' Medusa '),
(2153, 199, ' Gung-Ho '),
(2154, 200, ' Among the Living '),
(2155, 200, ' Caught in a Mosh '),
(2156, 200, ' I Am the Law '),
(2157, 200, ' Efilnikufesin (N.F.L.) '),
(2158, 200, ' A Skeleton in the Closet '),
(2159, 200, ' Indians '),
(2160, 200, ' One World '),
(2161, 200, ' A.D.I. / Horror of It All '),
(2162, 200, ' Imitation of Life '),
(2163, 201, ' Be All, End All '),
(2164, 201, ' Out of Sight, Out of Mind '),
(2165, 201, ' Make Me Laugh '),
(2166, 201, ' Antisocial (Trust cover) '),
(2167, 201, ' Who Cares Wins '),
(2168, 201, ' Now It\'s Dark '),
(2169, 201, ' Schism '),
(2170, 201, ' Misery Loves Company '),
(2171, 201, ' 13 '),
(2172, 201, ' Finalé '),
(2173, 202, ' Time '),
(2174, 202, ' Blood '),
(2175, 202, ' Keep It in the Family '),
(2176, 202, ' In My World '),
(2177, 202, ' Gridlock '),
(2178, 202, ' Intro to Reality '),
(2179, 202, ' Belly of the Beast '),
(2180, 202, ' Got the Time (Joe Jackson cover) '),
(2181, 202, ' H8 Red '),
(2182, 202, ' One Man Stands '),
(2183, 202, ' Discharge '),
(2184, 203, ' Potters Field '),
(2185, 203, ' Only '),
(2186, 203, ' Room for One More '),
(2187, 203, ' Packaged Rebellion '),
(2188, 203, ' Hy Pro Glo '),
(2189, 203, ' Invisible '),
(2190, 203, ' 1000 Points of Hate '),
(2191, 203, ' Black Lodge '),
(2192, 203, ' C11 H17 N2 O2 S Na '),
(2193, 203, ' Burst '),
(2194, 203, ' This Is Not an Exit '),
(2195, 204, ' Random Acts of Senseless Violence '),
(2196, 204, ' Fueled '),
(2197, 204, ' King Size '),
(2198, 204, ' Riding Shotgun '),
(2199, 204, ' Perpetual Motion '),
(2200, 204, ' In a Zone '),
(2201, 204, ' Nothing '),
(2202, 204, ' American Pompeii '),
(2203, 204, ' Drop the Ball '),
(2204, 204, ' Tester '),
(2205, 204, ' Bare '),
(2206, 205, ' Crush '),
(2207, 205, ' Catharsis '),
(2208, 205, ' Inside Out '),
(2209, 205, ' Piss\'n\'Vinegar '),
(2210, 205, ' 604 '),
(2211, 205, ' Toast to the Extras '),
(2212, 205, ' Born Again Idiot '),
(2213, 205, ' Killing Box '),
(2214, 205, ' Harms Way '),
(2215, 205, ' Hog Tied '),
(2216, 205, ' Big Fat '),
(2217, 205, ' Cupajoe '),
(2218, 205, ' Alpha Male '),
(2219, 205, ' Stealing from a Thief '),
(2220, 205, ' Pieces '),
(2221, 206, ' Contact '),
(2222, 206, ' What Doesn\'t Die '),
(2223, 206, ' Superhero '),
(2224, 206, ' Refuse to Be Denied '),
(2225, 206, ' Safe Home '),
(2226, 206, ' Any Place but Here '),
(2227, 206, ' Nobody Knows Anything '),
(2228, 206, ' Strap It On '),
(2229, 206, ' Black Dahlia '),
(2230, 206, ' Cadillac Rock Box '),
(2231, 206, ' Taking the Music Back '),
(2232, 206, ' Crash '),
(2233, 206, ' Think About an End '),
(2234, 206, ' W.C.F.Y.A. '),
(2235, 207, ' Deathrider '),
(2236, 207, ' Metal Thrashing Mad '),
(2237, 207, ' Caught in a Mosh '),
(2238, 207, ' A.I.R. '),
(2239, 207, ' Among the Living '),
(2240, 207, ' Keep It in the Family '),
(2241, 207, ' Indians '),
(2242, 207, ' Madhouse '),
(2243, 207, ' Panic '),
(2244, 207, ' I Am the Law '),
(2245, 207, ' Belly of the Beast '),
(2246, 207, ' N.F.L. '),
(2247, 207, ' Be All End All '),
(2248, 207, ' Gung-Ho '),
(2249, 208, ' Worship '),
(2250, 208, ' Earth on Hell '),
(2251, 208, ' The Devil You Know '),
(2252, 208, ' Fight \'Em \'til You Can\'t '),
(2253, 208, ' I\'m Alive '),
(2254, 208, ' Hymn 1 '),
(2255, 208, ' In the End '),
(2256, 208, ' The Giant '),
(2257, 208, ' Hymn 2 '),
(2258, 208, ' Judas Priest '),
(2259, 208, ' Crawl '),
(2260, 208, ' The Constant '),
(2261, 208, ' Revolution Screams '),
(2262, 208, ' New Noise (Refused cover) '),
(2263, 209, ' Impaled '),
(2264, 209, ' You Gotta Believe '),
(2265, 209, ' Monster at the End '),
(2266, 209, ' For All Kings '),
(2267, 209, ' Breathing Lightning '),
(2268, 209, ' Breathing Out '),
(2269, 209, ' Suzerain '),
(2270, 209, ' Evil Twin '),
(2271, 209, ' Blood Eagle Wings '),
(2272, 209, ' Defend / Avenge '),
(2273, 209, ' All of Them Thieves '),
(2274, 209, ' This Battle Chose Us '),
(2275, 209, ' Zero Tolerance '),
(2276, 210, ' Evil '),
(2277, 210, ' Curse of the Pharaohs '),
(2278, 210, ' Into the Coven '),
(2279, 210, ' At the Sound of the Demon Bell '),
(2280, 210, ' Black Funeral '),
(2281, 210, ' Satan\'s Fall '),
(2282, 210, ' Melissa '),
(2283, 211, ' A Dangerous Meeting '),
(2284, 211, ' Nightmare '),
(2285, 211, ' Desecration of Souls '),
(2286, 211, ' Night of the Unborn '),
(2287, 211, ' The Oath '),
(2288, 211, ' Gypsy '),
(2289, 211, ' Welcome Princess of Hell '),
(2290, 211, ' To One Far Away '),
(2291, 211, ' Come to the Sabbath '),
(2292, 212, ' Egypt '),
(2293, 212, ' The Bell Witch '),
(2294, 212, ' The Old Oak '),
(2295, 212, ' Shadows '),
(2296, 212, ' A Gruesome Time '),
(2297, 212, ' Thirteen Invitations '),
(2298, 212, ' Room of Golden Air '),
(2299, 212, ' Legend of the Headless Rider '),
(2300, 212, ' Is That You, Melissa '),
(2301, 212, ' Return of the Vampire... 1993 '),
(2302, 213, ' Nightmare Be Thy Name '),
(2303, 213, ' Angel of Light '),
(2304, 213, ' Witches\' Dance '),
(2305, 213, ' The Mad Arab '),
(2306, 213, ' My Demon '),
(2307, 213, ' Time '),
(2308, 213, ' The Preacher '),
(2309, 213, ' Lady in Black '),
(2310, 213, ' Mirror '),
(2311, 213, ' The Afterlife '),
(2312, 213, ' Castillo del Mortes '),
(2313, 214, ' Lucifer '),
(2314, 214, ' The Uninvited Guest '),
(2315, 214, ' The Ghost of Change '),
(2316, 214, ' Listen to the Bell '),
(2317, 214, ' Fifteen Men (And a Bottle of Rum) '),
(2318, 214, ' Into the Unknown '),
(2319, 214, ' Under the Spell '),
(2320, 214, ' Deadtime '),
(2321, 214, ' Holy Water '),
(2322, 214, ' Kutulu (The Mad Arab, Part II) '),
(2323, 215, ' Torture (1629) '),
(2324, 215, ' The Night '),
(2325, 215, ' Since Forever '),
(2326, 215, ' The Lady Who Cries '),
(2327, 215, ' Banshee '),
(2328, 215, ' Mandrake '),
(2329, 215, ' Sucking Your Blood '),
(2330, 215, ' Dead Again '),
(2331, 215, ' Fear '),
(2332, 215, ' Crossroads '),
(2333, 216, ' Last Rites '),
(2334, 216, ' Church of Saint Anne '),
(2335, 216, ' Sold My Soul '),
(2336, 216, ' House on the Hill '),
(2337, 216, ' Burn in Hell '),
(2338, 216, ' The Grave '),
(2339, 216, ' Insane '),
(2340, 216, ' Kiss the Demon '),
(2341, 216, ' Buried Alive '),
(2342, 216, ' 9 '),
(2343, 217, ' Intro '),
(2344, 217, ' Deadly Inner Sense '),
(2345, 217, ' Paradise Lost '),
(2346, 217, ' Our Saviour '),
(2347, 217, ' Rotting Misery '),
(2348, 217, ' Frozen Illusion '),
(2349, 217, ' Breeding Fear '),
(2350, 217, ' Lost Paradise '),
(2351, 217, ' Internal Torment II '),
(2352, 218, ' Gothic '),
(2353, 218, ' Dead Emotion '),
(2354, 218, ' Shattered '),
(2355, 218, ' Rapture '),
(2356, 218, ' Eternal '),
(2357, 218, ' Falling Forever '),
(2358, 218, ' Angel Tears '),
(2359, 218, ' Silent '),
(2360, 218, ' The Painless '),
(2361, 218, ' Desolate '),
(2362, 219, ' Mortals Watch the Day '),
(2363, 219, ' Crying for Eternity '),
(2364, 219, ' Embraced '),
(2365, 219, ' Daylight Torn '),
(2366, 219, ' Pity the Sadness '),
(2367, 219, ' No Forgiveness '),
(2368, 219, ' Your Hand in Mine '),
(2369, 219, ' The Word Made Flesh '),
(2370, 219, ' As I Die '),
(2371, 220, ' Embers Fire '),
(2372, 220, ' Remembrance '),
(2373, 220, ' Forging Sympathy '),
(2374, 220, ' Joys of the Emptiness '),
(2375, 220, ' Dying Freedom '),
(2376, 220, ' Widow '),
(2377, 220, ' Colossal Rains '),
(2378, 220, ' Weeping Words '),
(2379, 220, ' Poison '),
(2380, 220, ' True Belief '),
(2381, 220, ' Shallow Seasons '),
(2382, 220, ' Christendom '),
(2383, 220, ' Deus Misereatur '),
(2384, 221, ' Enchantment '),
(2385, 221, ' Hallowed Land '),
(2386, 221, ' The Last Time '),
(2387, 221, ' Forever Failure '),
(2388, 221, ' Once Solemn '),
(2389, 221, ' Shadowkings '),
(2390, 221, ' Elusive Cure '),
(2391, 221, ' Yearn for Change '),
(2392, 221, ' Shades of God '),
(2393, 221, ' Hands of Reason '),
(2394, 221, ' I See Your Face '),
(2395, 221, ' Jaded '),
(2396, 222, ' One Second '),
(2397, 222, ' Say Just Words '),
(2398, 222, ' Lydia '),
(2399, 222, ' Mercy '),
(2400, 222, ' Soul Courageous '),
(2401, 222, ' Another Day '),
(2402, 222, ' The Sufferer '),
(2403, 222, ' This Cold Life '),
(2404, 222, ' Blood of Another '),
(2405, 222, ' Disappear '),
(2406, 222, ' Sane '),
(2407, 222, ' Take Me Down '),
(2408, 223, ' So Much Is Lost '),
(2409, 223, ' Nothing Sacred '),
(2410, 223, ' In All Honesty '),
(2411, 223, ' Harbour '),
(2412, 223, ' Ordinary Days '),
(2413, 223, ' It\'s Too Late '),
(2414, 223, ' Permanent Solution '),
(2415, 223, ' Behind the Grey '),
(2416, 223, ' Wreck '),
(2417, 223, ' Made the Same '),
(2418, 223, ' Deep '),
(2419, 223, ' Year of Summer '),
(2420, 223, ' Host '),
(2421, 224, ' I Am Nothing '),
(2422, 224, ' Mouth '),
(2423, 224, ' Fader '),
(2424, 224, ' Look at Me Now '),
(2425, 224, ' Illumination '),
(2426, 224, ' Something Real '),
(2427, 224, ' Divided '),
(2428, 224, ' Sell It to the World '),
(2429, 224, ' Never Again '),
(2430, 224, ' Control '),
(2431, 224, ' No Reason '),
(2432, 224, ' World Pretending '),
(2433, 225, ' Isolate '),
(2434, 225, ' Erased '),
(2435, 225, ' Two Worlds '),
(2436, 225, ' Pray Nightfall '),
(2437, 225, ' Primal '),
(2438, 225, ' Perfect Mask '),
(2439, 225, ' Mystify '),
(2440, 225, ' No Celebration '),
(2441, 225, ' Self-Obsessed '),
(2442, 225, ' Symbol of Life '),
(2443, 225, ' Channel for the Pain '),
(2444, 226, ' Don\'t Belong '),
(2445, 226, ' Close Your Eyes '),
(2446, 226, ' Grey '),
(2447, 226, ' Redshift '),
(2448, 226, ' Forever After '),
(2449, 226, ' Sun Fading '),
(2450, 226, ' Laws of Cause '),
(2451, 226, ' All You Leave Behind '),
(2452, 226, ' Accept the Pain '),
(2453, 226, ' Shine '),
(2454, 226, ' Spirit '),
(2455, 226, ' Over the Madness '),
(2456, 227, ' Never for the Damned '),
(2457, 227, ' Ash & Debris '),
(2458, 227, ' The Enemy '),
(2459, 227, ' Praise Lamented Shade '),
(2460, 227, ' Requiem '),
(2461, 227, ' Unreachable '),
(2462, 227, ' Prelude to Descent '),
(2463, 227, ' Fallen Children '),
(2464, 227, ' Beneath Black Skies '),
(2465, 227, ' Sedative God '),
(2466, 227, ' Your Own Reality '),
(2467, 228, ' As Horizons End '),
(2468, 228, ' I Remain '),
(2469, 228, ' First Light '),
(2470, 228, ' Frailty '),
(2471, 228, ' Faith Divides Us - Death Unites Us '),
(2472, 228, ' The Rise of Denial '),
(2473, 228, ' Living with Scars '),
(2474, 228, ' Last Regret '),
(2475, 228, ' Universal Dream '),
(2476, 228, ' In Truth '),
(2477, 229, ' Solitary One '),
(2478, 229, ' Crucify '),
(2479, 229, ' Fear of Impending Hell '),
(2480, 229, ' Honesty in Death '),
(2481, 229, ' Theories from Another World '),
(2482, 229, ' In This We Dwell '),
(2483, 229, ' To the Darkness '),
(2484, 229, ' Tragic Idol '),
(2485, 229, ' Worth Fighting For '),
(2486, 229, ' The Glorious End '),
(2487, 230, ' No Hope in Sight '),
(2488, 230, ' Terminal '),
(2489, 230, ' An Eternity of Lies '),
(2490, 230, ' Punishment Through Time '),
(2491, 230, ' Beneath Broken Earth '),
(2492, 230, ' Sacrifice the Flame '),
(2493, 230, ' Victim of the Past '),
(2494, 230, ' Flesh from Bone '),
(2495, 230, ' Cry Out '),
(2496, 230, ' Return to the Sun '),
(2497, 231, ' Fearless Sky '),
(2498, 231, ' Gods of Ancient '),
(2499, 231, ' From the Gallows '),
(2500, 231, ' The Longest Winter '),
(2501, 231, ' Medusa '),
(2502, 231, ' No Passage for the Dead '),
(2503, 231, ' Blood and Chaos '),
(2504, 231, ' Until the Grave '),
(2505, 232, ' Sirens '),
(2506, 232, ' Holocaust '),
(2507, 232, ' I Believe '),
(2508, 232, ' Rage '),
(2509, 232, ' On the Run '),
(2510, 232, ' Twisted Little Sister '),
(2511, 232, ' Living for the Night '),
(2512, 232, ' Scream Murder '),
(2513, 232, ' Out on the Streets '),
(2514, 233, ' Power of the Night '),
(2515, 233, ' Unusual '),
(2516, 233, ' Warriors '),
(2517, 233, ' Necrophilia '),
(2518, 233, ' Washed Out '),
(2519, 233, ' Hard for Love '),
(2520, 233, ' Fountain of Youth '),
(2521, 233, ' Skull Session '),
(2522, 233, ' Stuck on You '),
(2523, 233, ' In the Dream '),
(2524, 234, ' Fight for the Rock '),
(2525, 234, ' Out on the Streets '),
(2526, 234, ' Crying for Love '),
(2527, 234, ' Day After Day (Badfinger cover) '),
(2528, 234, ' The Edge of Midnight '),
(2529, 234, ' Hyde '),
(2530, 234, ' Lady in Disguise '),
(2531, 234, ' She\'s Only Rock \'n Roll '),
(2532, 234, ' Wishing Well (Free cover) '),
(2533, 234, ' Red Light Paradise '),
(2534, 235, ' 24 Hrs. Ago '),
(2535, 235, ' Beyond the Doors of the Dark '),
(2536, 235, ' Legions '),
(2537, 235, ' Strange Wings '),
(2538, 235, ' Prelude to Madness '),
(2539, 235, ' Hall of the Mountain King '),
(2540, 235, ' The Price You Pay '),
(2541, 235, ' White Witch '),
(2542, 235, ' Last Dawn '),
(2543, 235, ' Devastation '),
(2544, 236, ' Of Rage and War '),
(2545, 236, ' Gutter Ballet '),
(2546, 236, ' Temptation Revelation '),
(2547, 236, ' When the Crowds Are Gone '),
(2548, 236, ' Silk and Steel '),
(2549, 236, ' She\'s in Love '),
(2550, 236, ' Hounds '),
(2551, 236, ' The Unholy '),
(2552, 236, ' Mentally Yours '),
(2553, 236, ' Summer\'s Rain '),
(2554, 237, ' Streets '),
(2555, 237, ' Jesus Saves '),
(2556, 237, ' Tonight He Grins Again '),
(2557, 237, ' Strange Reality '),
(2558, 237, ' A Little Too Far '),
(2559, 237, ' You\'re Alive '),
(2560, 237, ' Sammy and Tex '),
(2561, 237, ' St. Patrick\'s '),
(2562, 237, ' Can You Hear Me Now '),
(2563, 237, ' New York City Don\'t Mean Nothing '),
(2564, 237, ' Ghost in the Ruins '),
(2565, 237, ' If I Go Away '),
(2566, 237, ' Agony and Ecstasy  '),
(2567, 237, ' Heal My Soul '),
(2568, 237, ' Somewhere in Time '),
(2569, 237, ' Believe '),
(2570, 238, ' Edge of Thorns '),
(2571, 238, ' He Carves His Stone '),
(2572, 238, ' Lights Out '),
(2573, 238, ' Skraggy\'s Tomb '),
(2574, 238, ' Labyrinths '),
(2575, 238, ' Follow Me '),
(2576, 238, ' Exit Music '),
(2577, 238, ' Degrees of Sanity '),
(2578, 238, ' Conversation Piece '),
(2579, 238, ' All That I Bleed '),
(2580, 238, ' Damien '),
(2581, 238, ' Miles Away '),
(2582, 238, ' Sleep '),
(2583, 239, ' Taunting Cobras '),
(2584, 239, ' Handful of Rain '),
(2585, 239, ' Chance '),
(2586, 239, ' Stare into the Sun '),
(2587, 239, '  Castles Burning '),
(2588, 239, ' Visions '),
(2589, 239, ' Watching You Fall '),
(2590, 239, ' Nothing\'s Going On '),
(2591, 239, ' Symmetry '),
(2592, 239, ' Alone You Breathe '),
(2593, 240, ' Overture '),
(2594, 240, ' Sarajevo '),
(2595, 240, ' This Is the Time (1990) '),
(2596, 240, ' I Am '),
(2597, 240, ' Starlight '),
(2598, 240, ' Doesn\'t Matter Anyway '),
(2599, 240, ' This Isn\'t What We Meant '),
(2600, 240, ' Mozart and Madness '),
(2601, 240, ' Memory (Dead Winter Dead Intro) '),
(2602, 240, ' Dead Winter Dead '),
(2603, 240, ' One Child '),
(2604, 240, ' Christmas Eve (Sarajevo 12/24) '),
(2605, 240, ' Not What You See '),
(2606, 241, ' The Ocean '),
(2607, 241, ' Welcome '),
(2608, 241, ' Turns to Me '),
(2609, 241, ' Morning Sun '),
(2610, 241, ' Another Way '),
(2611, 241, ' Blackjack Guillotine '),
(2612, 241, ' Paragons of Innocence '),
(2613, 241, ' Complaint in the System (Veronica Guerin) '),
(2614, 241, ' Underture '),
(2615, 241, ' The Wake of Magellan '),
(2616, 241, ' Anymore '),
(2617, 241, ' The Storm '),
(2618, 241, ' The Hourglass '),
(2619, 242, ' Stay with Me Awhile '),
(2620, 242, ' There in the Silence '),
(2621, 242, ' Commissar '),
(2622, 242, ' I Seek Power '),
(2623, 242, ' Drive '),
(2624, 242, ' Morphine Child '),
(2625, 242, ' The Rumor '),
(2626, 242, ' Man in the Mirror '),
(2627, 242, ' Surrender '),
(2628, 242, ' Awaken '),
(2629, 242, ' Back to Reason '),
(2630, 243, ' Karelia '),
(2631, 243, ' The Gathering '),
(2632, 243, ' Grail\'s Mysteries '),
(2633, 243, ' Warriors Trial '),
(2634, 243, ' Black Embrace '),
(2635, 243, ' Exile of the Sons of Uisliu '),
(2636, 243, ' The Lost Name of God '),
(2637, 243, ' The Pilgrimage '),
(2638, 243, ' Misery Path '),
(2639, 243, ' Sign from the North Side '),
(2640, 243, ' Vulgar Necrolatry (Abhorrence cover) '),
(2641, 244, ' Thousand Lakes '),
(2642, 244, ' Into Hiding '),
(2643, 244, ' The Castaway '),
(2644, 244, ' First Doom '),
(2645, 244, ' Black Winter Day '),
(2646, 244, ' Drowned Maid '),
(2647, 244, ' In the Beginning '),
(2648, 244, ' Forgotten Sunrise '),
(2649, 244, ' To Fathers Cabin '),
(2650, 244, ' Magic and Mayhem '),
(2651, 245, ' Better Unborn '),
(2652, 245, ' Against Widows '),
(2653, 245, ' The Orphan '),
(2654, 245, ' On Rich and Poor '),
(2655, 245, ' My Kantele '),
(2656, 245, ' Cares '),
(2657, 245, ' Song of the Troubled One '),
(2658, 245, ' Weeper on the Shore '),
(2659, 245, ' Elegy '),
(2660, 245, ' Relief '),
(2661, 245, ' My Kantele (Acoustic Reprise) '),
(2662, 246, ' The Way '),
(2663, 246, ' Morning Star '),
(2664, 246, ' Nightfall '),
(2665, 246, ' Tuonela '),
(2666, 246, ' Greed '),
(2667, 246, ' Divinity '),
(2668, 246, ' Shining '),
(2669, 246, ' Withered '),
(2670, 246, ' Rusty Moon '),
(2671, 246, ' Summer\'s End '),
(2672, 247, ' Alone '),
(2673, 247, ' Goddess (Of the Sad Man) '),
(2674, 247, ' The Night Is Over '),
(2675, 247, ' Shatters Within '),
(2676, 247, ' Crimson Wave '),
(2677, 247, ' Drifting Memories '),
(2678, 247, ' Forever More '),
(2679, 247, ' Veil of Sin '),
(2680, 247, ' Captured State '),
(2681, 247, ' Grieve Stricken Heart '),
(2682, 248, ' Day of Your Beliefs '),
(2683, 248, ' Planetary Misfortune '),
(2684, 248, ' Evil Inside '),
(2685, 248, ' Mourning Soil '),
(2686, 248, ' Far from the Sun '),
(2687, 248, ' Ethereal Solitude '),
(2688, 248, ' Killing Goodness '),
(2689, 248, ' God of Deception '),
(2690, 248, ' Higher Ground '),
(2691, 248, ' Smithereens '),
(2692, 249, ' Two Moons '),
(2693, 249, ' House of Sleep '),
(2694, 249, ' Leaves Scar '),
(2695, 249, ' Born from Fire '),
(2696, 249, ' Under a Soil and Black Stone '),
(2697, 249, ' Perkele (The God of Fire) '),
(2698, 249, ' The Smoke '),
(2699, 249, ' Same Flesh '),
(2700, 249, ' Brother Moon '),
(2701, 249, ' Empty Opening '),
(2702, 250, ' Weaving the Incantation '),
(2703, 250, ' A Servant '),
(2704, 250, ' Silent Waters '),
(2705, 250, ' Towards and Against '),
(2706, 250, '  I of Crimson Blood '),
(2707, 250, ' Her Alone '),
(2708, 250, ' Enigma '),
(2709, 250, ' Shaman '),
(2710, 250, ' The White Swan '),
(2711, 250, ' Black River '),
(2712, 251, ' Sampo '),
(2713, 251, ' Silver Bride '),
(2714, 251, ' From the Heaven of My Heart '),
(2715, 251, ' Sky Is Mine '),
(2716, 251, ' Majestic Beast '),
(2717, 251, ' My Sun '),
(2718, 251, ' Highest Star '),
(2719, 251, ' Skyforger '),
(2720, 251, ' Course of Fate '),
(2721, 251, ' From Earth I Rose '),
(2722, 252, ' Magic and Mayhem '),
(2723, 252, ' Vulgar Necrolatry (Abhorrence cover) '),
(2724, 252, ' Into Hiding '),
(2725, 252, ' Black Winter Day '),
(2726, 252, ' On Rich and Poor '),
(2727, 252, ' The Exile of the Sons of Uisliu '),
(2728, 252, ' The Castaway '),
(2729, 252, ' Song of the Troubled One '),
(2730, 252, ' The Sign from the North Side '),
(2731, 252, ' Drowned Maid '),
(2732, 252, ' Against Widows '),
(2733, 252, ' My Kantele '),
(2734, 253, ' Battle for Light '),
(2735, 253, ' Mermaid '),
(2736, 253, ' My Enemy '),
(2737, 253, ' You I Need '),
(2738, 253, ' Song of the Sage '),
(2739, 253, ' Three Words '),
(2740, 253, ' Reformation '),
(2741, 253, ' Soothsayer '),
(2742, 253, ' On a Stranded Shore '),
(2743, 253, ' Escape '),
(2744, 253, ' Crack in a Stone '),
(2745, 253, ' Beginning of Time '),
(2746, 253, ' Heart\'s Song '),
(2747, 254, ' Shades of Gray '),
(2748, 254, ' Mission '),
(2749, 254, ' The Wanderer '),
(2750, 254, ' Narrow Path '),
(2751, 254, ' Hopeless Days '),
(2752, 254, ' Nightbird\'s Song '),
(2753, 254, ' Into the Abyss '),
(2754, 254, ' Enchanted by the Moon '),
(2755, 254, ' A New Day '),
(2756, 255, ' Under the Red Cloud '),
(2757, 255, ' The Four Wise Ones '),
(2758, 255, ' Bad Blood '),
(2759, 255, ' The Skull '),
(2760, 255, ' Death of a King '),
(2761, 255, ' Sacrifice '),
(2762, 255, ' Dark Path '),
(2763, 255, ' Enemy at the Gates '),
(2764, 255, ' Tree of Ages '),
(2765, 255, ' White Night '),
(2766, 256, ' The Bee '),
(2767, 256, ' Message in the Amber '),
(2768, 256, ' Daughter of Hate '),
(2769, 256, ' The Golden Elk '),
(2770, 256, ' Wrong Direction '),
(2771, 256, ' Heart of the Giant '),
(2772, 256, ' We Accursed '),
(2773, 256, ' Grain of Sand '),
(2774, 256, ' Amongst Stars '),
(2775, 256, ' Pyres on the Coast '),
(2776, 256, ' As Mountains Crumble '),
(2777, 256, ' Brother and Sister ');

-- --------------------------------------------------------

--
-- Table structure for table `users`
--

CREATE TABLE `users` (
  `id` int(11) NOT NULL,
  `username` varchar(255) NOT NULL,
  `email` varchar(255) NOT NULL,
  `password` varchar(255) NOT NULL,
  `active` tinyint(1) NOT NULL,
  `created` timestamp NOT NULL DEFAULT current_timestamp() ON UPDATE current_timestamp(),
  `photo` varchar(255) NOT NULL,
  `role` int(1) NOT NULL
) ENGINE=InnoDB DEFAULT CHARSET=utf8;

--
-- Dumping data for table `users`
--

INSERT INTO `users` (`id`, `username`, `email`, `password`, `active`, `created`, `photo`, `role`) VALUES
(8, 'Test', 'test@test.com', '098f6bcd4621d373cade4e832627b4f6', 0, '2020-03-10 12:40:52', '', 0),
(9, 'Testuser', 'test@gmail.com', 'f8443fd852588f6f5163b0098d4607f1', 0, '2020-03-10 17:11:42', '', 0);

--
-- Indexes for dumped tables
--

--
-- Indexes for table `albums`
--
ALTER TABLE `albums`
  ADD PRIMARY KEY (`id`),
  ADD KEY `fk_band` (`band_id`);

--
-- Indexes for table `bands`
--
ALTER TABLE `bands`
  ADD PRIMARY KEY (`id`);

--
-- Indexes for table `favorites`
--
ALTER TABLE `favorites`
  ADD PRIMARY KEY (`id`),
  ADD KEY `fk_user` (`user_id`);

--
-- Indexes for table `songs`
--
ALTER TABLE `songs`
  ADD PRIMARY KEY (`id`),
  ADD KEY `fk_album` (`album_id`);

--
-- Indexes for table `users`
--
ALTER TABLE `users`
  ADD PRIMARY KEY (`id`);

--
-- AUTO_INCREMENT for dumped tables
--

--
-- AUTO_INCREMENT for table `albums`
--
ALTER TABLE `albums`
  MODIFY `id` int(11) NOT NULL AUTO_INCREMENT, AUTO_INCREMENT=257;

--
-- AUTO_INCREMENT for table `bands`
--
ALTER TABLE `bands`
  MODIFY `id` int(11) NOT NULL AUTO_INCREMENT, AUTO_INCREMENT=21;

--
-- AUTO_INCREMENT for table `favorites`
--
ALTER TABLE `favorites`
  MODIFY `id` int(11) NOT NULL AUTO_INCREMENT;

--
-- AUTO_INCREMENT for table `songs`
--
ALTER TABLE `songs`
  MODIFY `id` int(11) NOT NULL AUTO_INCREMENT, AUTO_INCREMENT=2778;

--
-- AUTO_INCREMENT for table `users`
--
ALTER TABLE `users`
  MODIFY `id` int(11) NOT NULL AUTO_INCREMENT, AUTO_INCREMENT=10;

--
-- Constraints for dumped tables
--

--
-- Constraints for table `albums`
--
ALTER TABLE `albums`
  ADD CONSTRAINT `fk_band` FOREIGN KEY (`band_id`) REFERENCES `bands` (`id`) ON DELETE CASCADE;

--
-- Constraints for table `favorites`
--
ALTER TABLE `favorites`
  ADD CONSTRAINT `fk_user` FOREIGN KEY (`user_id`) REFERENCES `users` (`id`) ON DELETE CASCADE;

--
-- Constraints for table `songs`
--
ALTER TABLE `songs`
  ADD CONSTRAINT `fk_album` FOREIGN KEY (`album_id`) REFERENCES `albums` (`id`) ON DELETE CASCADE;
COMMIT;

/*!40101 SET CHARACTER_SET_CLIENT=@OLD_CHARACTER_SET_CLIENT */;
/*!40101 SET CHARACTER_SET_RESULTS=@OLD_CHARACTER_SET_RESULTS */;
/*!40101 SET COLLATION_CONNECTION=@OLD_COLLATION_CONNECTION */;
